Batman,2017,LEGOLAND Windsor,Pop Badge,71.jpg
Joker,2017,LEGOLAND Windsor,Pop Badge,1.jpg
Robin,2017,LEGOLAND Windsor,Pop Badge,72.jpg
Babysitter,2017,LEGOLAND Windsor,Pop Badge,73.jpg
Banana Guy,2017,LEGOLAND Windsor,Pop Badge,2.jpg
Clumsy Guy,2017,LEGOLAND Windsor,Pop Badge,74.jpg
Computer Programmer,2017,LEGOLAND Windsor,Pop Badge,3.jpg
Cowgirl,2017,LEGOLAND Windsor,Pop Badge,75.jpg
Cyborg,2017,LEGOLAND Windsor,Pop Badge,4.jpg
Dog Show Winner,2017,LEGOLAND Windsor,Pop Badge,5.jpg
Gnome,2017,LEGOLAND Windsor,Pop Badge,6.jpg
Batman,2017,LEGOLAND Windsor,Pop Badge,76.jpg
Joker,2017,LEGOLAND Windsor,Pop Badge,1.jpg
Robin,2017,LEGOLAND Windsor,Pop Badge,77.jpg
Babysitter,2017,LEGOLAND Windsor,Pop Badge,78.jpg
Banana Guy,2017,LEGOLAND Windsor,Pop Badge,2.jpg
Clumsy Guy,2017,LEGOLAND Windsor,Pop Badge,79.jpg
Computer Programmer,2017,LEGOLAND Windsor,Pop Badge,3.jpg
Cowgirl,2017,LEGOLAND Windsor,Pop Badge,80.jpg
Cyborg,2017,LEGOLAND Windsor,Pop Badge,4.jpg
Dog Show Winner,2017,LEGOLAND Windsor,Pop Badge,5.jpg
Gnome,2017,LEGOLAND Windsor,Pop Badge,6.jpg
Hiker,2017,LEGOLAND Windsor,Pop Badge,7.jpg
Hippie,2017,LEGOLAND Windsor,Pop Badge,81.jpg
Hula Dancer,2017,LEGOLAND Windsor,Pop Badge,8.jpg
Penguin Boy,2017,LEGOLAND Windsor,Pop Badge,9.jpg
Pretzel Girl,2017,LEGOLAND Windsor,Pop Badge,10.jpg
Sea Captain,2017,LEGOLAND Windsor,Pop Badge,82.jpg
Shark Suit Guy,2017,LEGOLAND Windsor,Pop Badge,11.jpg
Sherriff,2017,LEGOLAND Windsor,Pop Badge,12.jpg
Snake Charmer,2017,LEGOLAND Windsor,Pop Badge,13.jpg
School,2017,LEGOLAND Windsor,Pop Badge,14.jpg
Egyptian Warrior,2017,LEGOLAND Windsor,Pop Badge,15.jpg
Mia and Stephanie,2017,LEGOLAND Windsor,Pop Badge,83.jpg
Scallywag Pirate,2017,LEGOLAND Windsor,Pop Badge,16.jpg
Castle Dragon,2017,LEGOLAND Windsor,Pop Badge,84.jpg
King,2017,LEGOLAND Windsor,Pop Badge,17.jpg
Knight Girl,2017,LEGOLAND Windsor,Pop Badge,18.jpg
Castle Hotel Wizard,2017,LEGOLAND Windsor,Pop Badge,19.jpg
Castle Knight Boy,2017,LEGOLAND Windsor,Pop Badge,20.jpg
Castle Knight Girl,2017,LEGOLAND Windsor,Pop Badge,85.jpg
Support Stay & Play,2017,LEGOLAND Windsor,Pop Badge,21.jpg
Easter,2017,LEGOLAND Windsor,Pop Badge,22.jpg
Nadakhan,2017,LEGOLAND Windsor,Pop Badge,23.jpg
Sensei Wu,2017,LEGOLAND Windsor,Pop Badge,86.jpg
Zane,2017,LEGOLAND Windsor,Pop Badge,24.jpg
Shopper,2017,LEGOLAND Windsor,Pop Badge,25.jpg
Team Turtle,2017,LEGOLAND Windsor,Pop Badge,26.jpg
Classic King,2016,LEGOLAND Windsor,Pop Badge,27.jpg
Cleopatra,2016,LEGOLAND Windsor,Pop Badge,28.jpg
Diner Waitress,2016,LEGOLAND Windsor,Pop Badge,87.jpg
Fairytale Princess,2016,LEGOLAND Windsor,Pop Badge,29.jpg
Hot Dog Man,2016,LEGOLAND Windsor,Pop Badge,88.jpg
Lady Robot,2016,LEGOLAND Windsor,Pop Badge,89.jpg
Larry the Barista,2016,LEGOLAND Windsor,Pop Badge,90.jpg
Panda Guy,2016,LEGOLAND Windsor,Pop Badge,91.jpg
Pizza Delivery Man,2016,LEGOLAND Windsor,Pop Badge,92.jpg
Scientist,2016,LEGOLAND Windsor,Pop Badge,93.jpg
Skydiver,2016,LEGOLAND Windsor,Pop Badge,94.jpg
Swashbuckler,2016,LEGOLAND Windsor,Pop Badge,95.jpg
Taco Tuesday Man,2016,LEGOLAND Windsor,Pop Badge,96.jpg
Tiger Girl,2016,LEGOLAND Windsor,Pop Badge,97.jpg
Unicorn Girl,2016,LEGOLAND Windsor,Pop Badge,98.jpg
Waiter,2016,LEGOLAND Windsor,Pop Badge,99.jpg
Chocolate Bunny,2016,LEGOLAND Windsor,Pop Badge,100.jpg
Cow,2016,LEGOLAND Windsor,Pop Badge,101.jpg
Farmer Joe,2016,LEGOLAND Windsor,Pop Badge,102.jpg
20th Birthday,2016,LEGOLAND Windsor,Pop Badge,103.jpg
Sleepover,2016,LEGOLAND Windsor,Pop Badge,104.jpg
Lance,2016,LEGOLAND Windsor,Pop Badge,105.jpg
Macy,2016,LEGOLAND Windsor,Pop Badge,106.jpg
Merlok 2.0,2016,LEGOLAND Windsor,Pop Badge,107.jpg
Nya,2016,LEGOLAND Windsor,Pop Badge,108.jpg
Sensei Wu,2016,LEGOLAND Windsor,Pop Badge,109.jpg
Scribble Face Bad Cop,2016,LEGOLAND Windsor,Pop Badge,110.jpg
Hotel Adventurers,2016,LEGOLAND Windsor,Pop Badge,111.jpg
Hotel Friends,2016,LEGOLAND Windsor,Pop Badge,112.jpg
Hotel Pirates,2016,LEGOLAND Windsor,Pop Badge,113.jpg
Group,2016,LEGOLAND Windsor,Pop Badge,114.jpg
School,2016,LEGOLAND Windsor,Pop Badge,115.jpg
Book of Monsters,2016,LEGOLAND Windsor,Pop Badge,116.jpg
Jestro ,2016,LEGOLAND Windsor,Pop Badge,117.jpg
Monster Scientist,2016,LEGOLAND Windsor,Pop Badge,118.jpg
Wacky Witch,2016,LEGOLAND Windsor,Pop Badge,119.jpg
Premium Seating,2016,LEGOLAND Windsor,Pop Badge,120.jpg
Royal Guard,2016,LEGOLAND Windsor,Pop Badge,121.jpg
Elf,2016,LEGOLAND Windsor,Pop Badge,122.jpg
Yeti,2016,LEGOLAND Windsor,Pop Badge,123.jpg
Bumblebee Girl,2015,LEGOLAND Windsor,Pop Badge,124.jpg
Constable,2015,LEGOLAND Windsor,Pop Badge,125.jpg
Diver,2015,LEGOLAND Windsor,Pop Badge,30.jpg
Firefighter,2015,LEGOLAND Windsor,Pop Badge,31.jpg
Genie Girl,2015,LEGOLAND Windsor,Pop Badge,126.jpg
Piggy Guy,2015,LEGOLAND Windsor,Pop Badge,127.jpg
Prospector,2015,LEGOLAND Windsor,Pop Badge,128.jpg
Bella,2015,LEGOLAND Windsor,Pop Badge,129.jpg
Biscuit,2015,LEGOLAND Windsor,Pop Badge,130.jpg
Bubbles,2015,LEGOLAND Windsor,Pop Badge,131.jpg
Scarlett,2015,LEGOLAND Windsor,Pop Badge,132.jpg
Andrea,2015,LEGOLAND Windsor,Pop Badge,133.jpg
Emma,2015,LEGOLAND Windsor,Pop Badge,134.jpg
Mia,2015,LEGOLAND Windsor,Pop Badge,135.jpg
Olivia,2015,LEGOLAND Windsor,Pop Badge,136.jpg
Stephanie,2015,LEGOLAND Windsor,Pop Badge,137.jpg
Hotel Adventurers,2015,LEGOLAND Windsor,Pop Badge,138.jpg
Hotel Friends,2015,LEGOLAND Windsor,Pop Badge,139.jpg
Hotel Knights,2015,LEGOLAND Windsor,Pop Badge,140.jpg
Hotel Pirates,2015,LEGOLAND Windsor,Pop Badge,141.jpg
Group,2015,LEGOLAND Windsor,Pop Badge,142.jpg
School,2015,LEGOLAND Windsor,Pop Badge,143.jpg
Easter Bunny,2015,LEGOLAND Windsor,Pop Badge,144.jpg
Benny,2015,LEGOLAND Windsor,Pop Badge,145.jpg
Construction Worker,2015,LEGOLAND Windsor,Pop Badge,146.jpg
Unikitty,2015,LEGOLAND Windsor,Pop Badge,147.jpg
Jester,2015,LEGOLAND Windsor,Pop Badge,148.jpg
Cole,2015,LEGOLAND Windsor,Pop Badge,149.jpg
Jay,2015,LEGOLAND Windsor,Pop Badge,150.jpg
Kai,2015,LEGOLAND Windsor,Pop Badge,151.jpg
Lloyd,2015,LEGOLAND Windsor,Pop Badge,152.jpg
Morro and Dragon,2015,LEGOLAND Windsor,Pop Badge,153.jpg
Premium Seating,2015,LEGOLAND Windsor,Pop Badge,154.jpg
Emmet,2014,LEGOLAND Windsor,Pop Badge,155.jpg
President Business,2014,LEGOLAND Windsor,Pop Badge,32.jpg
Wyldstyle,2014,LEGOLAND Windsor,Pop Badge,33.jpg
Chicken Suit Guy,2014,LEGOLAND Windsor,Pop Badge,34.jpg
Gingerbread Man,2014,LEGOLAND Windsor,Pop Badge,156.jpg
Grandma,2014,LEGOLAND Windsor,Pop Badge,157.jpg
Grandpa,2014,LEGOLAND Windsor,Pop Badge,158.jpg
Mermaid,2014,LEGOLAND Windsor,Pop Badge,159.jpg
Trendsetter,2014,LEGOLAND Windsor,Pop Badge,160.jpg
Zookeeper,2014,LEGOLAND Windsor,Pop Badge,161.jpg
Lady Pirate,2014,LEGOLAND Windsor,Pop Badge,162.jpg
Melvin the Monkey,2014,LEGOLAND Windsor,Pop Badge,163.jpg
Pirate Captain,2014,LEGOLAND Windsor,Pop Badge,164.jpg
Pirate Pete,2014,LEGOLAND Windsor,Pop Badge,165.jpg
Shipmate,2014,LEGOLAND Windsor,Pop Badge,166.jpg
Crocodile,2014,LEGOLAND Windsor,Pop Badge,167.jpg
Lion Cub,2014,LEGOLAND Windsor,Pop Badge,168.jpg
Ostrich,2014,LEGOLAND Windsor,Pop Badge,169.jpg
Group,2014,LEGOLAND Windsor,Pop Badge,170.jpg
School,2014,LEGOLAND Windsor,Pop Badge,171.jpg
R2D2,2014,LEGOLAND Windsor,Pop Badge,172.jpg
Hotel Adventurers,2014,LEGOLAND Windsor,Pop Badge,173.jpg
Hotel Knights,2014,LEGOLAND Windsor,Pop Badge,174.jpg
Hotel Pirates,2014,LEGOLAND Windsor,Pop Badge,175.jpg
Emmet Is Awesome,2014,LEGOLAND Windsor,Pop Badge,176.jpg
Legoland Is Awesome,2014,LEGOLAND Windsor,Pop Badge,177.jpg
Miniland Is Awesome,2014,LEGOLAND Windsor,Pop Badge,178.jpg
You Are Awesome,2014,LEGOLAND Windsor,Pop Badge,179.jpg
Pumpkin,2014,LEGOLAND Windsor,Pop Badge,180.jpg
Scarecrow,2014,LEGOLAND Windsor,Pop Badge,181.jpg
Skeleton,2014,LEGOLAND Windsor,Pop Badge,182.jpg
Vampire Bat,2014,LEGOLAND Windsor,Pop Badge,183.jpg
Werewolf,2014,LEGOLAND Windsor,Pop Badge,184.jpg
Elf,2014,LEGOLAND Windsor,Pop Badge,185.jpg
Santa,2014,LEGOLAND Windsor,Pop Badge,186.jpg
Ice Cream,2014,LEGOLAND Windsor,Pop Badge,187.jpg
Swap Me,2014,LEGOLAND Windsor,Pop Badge,188.jpg
Cragger,2013,LEGOLAND Windsor,Pop Badge,189.jpg
Eris,2013,LEGOLAND Windsor,Pop Badge,35.jpg
Laval ,2013,LEGOLAND Windsor,Pop Badge,190.jpg
Daredevil,2013,LEGOLAND Windsor,Pop Badge,36.jpg
Fairy,2013,LEGOLAND Windsor,Pop Badge,191.jpg
Snowboarder,2013,LEGOLAND Windsor,Pop Badge,192.jpg
Duplo Elephant,2013,LEGOLAND Windsor,Pop Badge,193.jpg
Duplo Giraffe,2013,LEGOLAND Windsor,Pop Badge,194.jpg
Polar Bear,2013,LEGOLAND Windsor,Pop Badge,195.jpg
Group,2013,LEGOLAND Windsor,Pop Badge,196.jpg
Hotl  Adventurers,2013,LEGOLAND Windsor,Pop Badge,197.jpg
Hotel Knights,2013,LEGOLAND Windsor,Pop Badge,198.jpg
Hotel Pirates,2013,LEGOLAND Windsor,Pop Badge,199.jpg
Donatello,2013,LEGOLAND Windsor,Pop Badge,200.jpg
Leonardo,2013,LEGOLAND Windsor,Pop Badge,201.jpg
Michelangelo,2013,LEGOLAND Windsor,Pop Badge,202.jpg
Raphael,2013,LEGOLAND Windsor,Pop Badge,203.jpg
Rainy Day,2013,LEGOLAND Windsor,Pop Badge,204.jpg
Surfer Brad,2013,LEGOLAND Windsor,Pop Badge,205.jpg
Weathergirl Wendy,2013,LEGOLAND Windsor,Pop Badge,206.jpg
Windy Day,2013,LEGOLAND Windsor,Pop Badge,207.jpg
Dr Splitz,2013,LEGOLAND Windsor,Pop Badge,208.jpg
Frankie,2013,LEGOLAND Windsor,Pop Badge,209.jpg
Ghost,2013,LEGOLAND Windsor,Pop Badge,210.jpg
Lady Vampire,2013,LEGOLAND Windsor,Pop Badge,211.jpg
The Mummy,2013,LEGOLAND Windsor,Pop Badge,212.jpg
Big Build,2013,LEGOLAND Windsor,Pop Badge,213.jpg
Qbot,2013,LEGOLAND Windsor,Pop Badge,214.jpg
Baguette Bar,2012,LEGOLAND Windsor,Pop Badge,37.jpg
Crossed Ribs,2012,LEGOLAND Windsor,Pop Badge,215.jpg
Duplo Restaurant,2012,LEGOLAND Windsor,Pop Badge,216.jpg
Knights Table,2012,LEGOLAND Windsor,Pop Badge,38.jpg
Pizza & Pasta,2012,LEGOLAND Windsor,Pop Badge,217.jpg
Ace Speedman,2012,LEGOLAND Windsor,Pop Badge,218.jpg
Driver,2012,LEGOLAND Windsor,Pop Badge,219.jpg
School,2012,LEGOLAND Windsor,Pop Badge,220.jpg
Hotel Adventurers,2012,LEGOLAND Windsor,Pop Badge,221.jpg
Hotel Knights,2012,LEGOLAND Windsor,Pop Badge,222.jpg
Hotel Pirates,2012,LEGOLAND Windsor,Pop Badge,223.jpg
C3PO,2012,LEGOLAND Windsor,Pop Badge,224.jpg
Darth Maul,2012,LEGOLAND Windsor,Pop Badge,225.jpg
Leia,2012,LEGOLAND Windsor,Pop Badge,226.jpg
Batman,2012,LEGOLAND Windsor,Pop Badge,227.jpg
Wonderwoman,2012,LEGOLAND Windsor,Pop Badge,228.jpg
Rodney Rathbone,2012,LEGOLAND Windsor,Pop Badge,229.jpg
Witch,2012,LEGOLAND Windsor,Pop Badge,230.jpg
Wizard,2012,LEGOLAND Windsor,Pop Badge,231.jpg
Boxer,2012,LEGOLAND Windsor,Pop Badge,232.jpg
Ice Skater,2012,LEGOLAND Windsor,Pop Badge,233.jpg
Runner,2012,LEGOLAND Windsor,Pop Badge,234.jpg
Celebration,2012,LEGOLAND Windsor,Pop Badge,235.jpg
Qbot,2012,LEGOLAND Windsor,Pop Badge,236.jpg
Pizza Chef,2011,LEGOLAND Windsor,Pop Badge,237.jpg
Tomato Chef,2011,LEGOLAND Windsor,Pop Badge,39.jpg
Cheerleader,2011,LEGOLAND Windsor,Pop Badge,238.jpg
Demolition Dummy,2011,LEGOLAND Windsor,Pop Badge,40.jpg
Disco Man,2011,LEGOLAND Windsor,Pop Badge,239.jpg
Gladiator,2011,LEGOLAND Windsor,Pop Badge,240.jpg
Karate Master,2011,LEGOLAND Windsor,Pop Badge,241.jpg
Lifeguard,2011,LEGOLAND Windsor,Pop Badge,242.jpg
Mermaid,2011,LEGOLAND Windsor,Pop Badge,243.jpg
Mexican,2011,LEGOLAND Windsor,Pop Badge,244.jpg
Ringmaster,2011,LEGOLAND Windsor,Pop Badge,245.jpg
Singer,2011,LEGOLAND Windsor,Pop Badge,246.jpg
Skater Boy,2011,LEGOLAND Windsor,Pop Badge,247.jpg
Skier,2011,LEGOLAND Windsor,Pop Badge,248.jpg
Wrestler,2011,LEGOLAND Windsor,Pop Badge,249.jpg
Divers Wanted,2011,LEGOLAND Windsor,Pop Badge,250.jpg
Manta Warrior,2011,LEGOLAND Windsor,Pop Badge,251.jpg
SQUID Logo,2011,LEGOLAND Windsor,Pop Badge,252.jpg
Shark Boy,2011,LEGOLAND Windsor,Pop Badge,253.jpg
Squid Warrior,2011,LEGOLAND Windsor,Pop Badge,254.jpg
Yoda,2011,LEGOLAND Windsor,Pop Badge,255.jpg
Vampire,2011,LEGOLAND Windsor,Pop Badge,256.jpg
15th Birthday,2011,LEGOLAND Windsor,Pop Badge,257.jpg
Annual Pass Andy,2011,LEGOLAND Windsor,Pop Badge,258.jpg
Gold,2011,LEGOLAND Windsor,Pop Badge,259.jpg
Qbot,2011,LEGOLAND Windsor,Pop Badge,260.jpg
Royal Wedding,2011,LEGOLAND Windsor,Pop Badge,261.jpg
Caveman,2010,LEGOLAND Windsor,Pop Badge,41.jpg
Clown,2010,LEGOLAND Windsor,Pop Badge,42.jpg
Cowboy,2010,LEGOLAND Windsor,Pop Badge,43.jpg
Diver,2010,LEGOLAND Windsor,Pop Badge,44.jpg
Forest Man,2010,LEGOLAND Windsor,Pop Badge,262.jpg
Magician,2010,LEGOLAND Windsor,Pop Badge,263.jpg
Ninja,2010,LEGOLAND Windsor,Pop Badge,264.jpg
Nurse,2010,LEGOLAND Windsor,Pop Badge,265.jpg
Robot,2010,LEGOLAND Windsor,Pop Badge,266.jpg
Spaceman,2010,LEGOLAND Windsor,Pop Badge,267.jpg
Zombie,2010,LEGOLAND Windsor,Pop Badge,268.jpg
Ben 10,2010,LEGOLAND Windsor,Pop Badge,269.jpg
Vampire,2010,LEGOLAND Windsor,Pop Badge,270.jpg
Witch,2010,LEGOLAND Windsor,Pop Badge,271.jpg
Qbot,2010,LEGOLAND Windsor,Pop Badge,272.jpg
Aero Nomad,2010,LEGOLAND Windsor,Pop Badge,273.jpg
Dino Dipper,2010,LEGOLAND Windsor,Pop Badge,274.jpg
Fairy Tale Brook,2010,LEGOLAND Windsor,Pop Badge,275.jpg
Jolly Rocker,2010,LEGOLAND Windsor,Pop Badge,276.jpg
Ride Champ,2010,LEGOLAND Windsor,Pop Badge,277.jpg
Rocket Racers,2010,LEGOLAND Windsor,Pop Badge,278.jpg
Scarab Bouncers,2010,LEGOLAND Windsor,Pop Badge,279.jpg
Spinning Spider,2010,LEGOLAND Windsor,Pop Badge,280.jpg
Gold,2010,LEGOLAND Windsor,Pop Badge,281.jpg
Dr Kilroy,2009,LEGOLAND Windsor,Pop Badge,45.jpg
Inventor,2009,LEGOLAND Windsor,Pop Badge,46.jpg
Johnny Thunder,2009,LEGOLAND Windsor,Pop Badge,47.jpg
Pippin Reed,2009,LEGOLAND Windsor,Pop Badge,48.jpg
Policewoman,2009,LEGOLAND Windsor,Pop Badge,282.jpg
Princess,2009,LEGOLAND Windsor,Pop Badge,283.jpg
Red Knight,2009,LEGOLAND Windsor,Pop Badge,284.jpg
Sailor,2009,LEGOLAND Windsor,Pop Badge,285.jpg
Skeleton,2009,LEGOLAND Windsor,Pop Badge,286.jpg
Sphinx,2009,LEGOLAND Windsor,Pop Badge,287.jpg
Viking,2009,LEGOLAND Windsor,Pop Badge,288.jpg
Give Me a Wave,2009,LEGOLAND Windsor,Pop Badge,289.jpg
I'm Collecting Happy Smiles,2009,LEGOLAND Windsor,Pop Badge,290.jpg
I'm Collecting Hi Fives,2009,LEGOLAND Windsor,Pop Badge,291.jpg
I'm Collecting High Fives,2009,LEGOLAND Windsor,Pop Badge,292.jpg
Make Me Laugh,2009,LEGOLAND Windsor,Pop Badge,293.jpg
Pull a Silly Face,2009,LEGOLAND Windsor,Pop Badge,294.jpg
Sing Me a Song,2009,LEGOLAND Windsor,Pop Badge,295.jpg
Tell Me a Funny Joke,2009,LEGOLAND Windsor,Pop Badge,296.jpg
Gold,2009,LEGOLAND Windsor,Pop Badge,297.jpg
Adventurers Wanted,2008,LEGOLAND Windsor,Pop Badge,49.jpg
Astronauts Wanted,2008,LEGOLAND Windsor,Pop Badge,50.jpg
Drivers Wanted,2008,LEGOLAND Windsor,Pop Badge,51.jpg
Explorers Wanted,2008,LEGOLAND Windsor,Pop Badge,52.jpg
Firefighters Wanted,2008,LEGOLAND Windsor,Pop Badge,298.jpg
Inventors Wanted,2008,LEGOLAND Windsor,Pop Badge,299.jpg
Knights Wanted,2008,LEGOLAND Windsor,Pop Badge,300.jpg
Pirates Wanted,2008,LEGOLAND Windsor,Pop Badge,301.jpg
Police Wanted,2008,LEGOLAND Windsor,Pop Badge,302.jpg
Vikings Wanted,2008,LEGOLAND Windsor,Pop Badge,303.jpg
Viking Festival Picture,2008,LEGOLAND Windsor,Pop Badge,304.jpg
Viking Festival Words,2008,LEGOLAND Windsor,Pop Badge,305.jpg
Smiley Builder,2008,LEGOLAND Windsor,Pop Badge,306.jpg
Smiley Fireman,2008,LEGOLAND Windsor,Pop Badge,307.jpg
Smiley Police,2008,LEGOLAND Windsor,Pop Badge,308.jpg
Smiley Racing Driver Red Stars,2008,LEGOLAND Windsor,Pop Badge,309.jpg
Smiley Racing Driver,2008,LEGOLAND Windsor,Pop Badge,310.jpg
Smiley White Hat,2008,LEGOLAND Windsor,Pop Badge,311.jpg
Smiley White Hat/Glasses,2008,LEGOLAND Windsor,Pop Badge,312.jpg
Gold,2008,LEGOLAND Windsor,Pop Badge,313.jpg
My Year Of Fun At Chessington,2017,Chessington World of Adventures,Pop Badge,314.jpg
Glamping,2017,Chessington World of Adventures,Pop Badge,315.jpg
African Adventure,2017,Chessington World of Adventures,Pop Badge,316.jpg
Azteca Discovery,2017,Chessington World of Adventures,Pop Badge,317.jpg
Azteca Temple Summit,2017,Chessington World of Adventures,Pop Badge,318.jpg
Azteca Temple Treasure,2017,Chessington World of Adventures,Pop Badge,319.jpg
Gentle Lemurs,2017,Chessington World of Adventures,Pop Badge,320.jpg
Giraffe Bedroom,2017,Chessington World of Adventures,Pop Badge,321.jpg
Meerkat Bedroom,2017,Chessington World of Adventures,Pop Badge,322.jpg
Project Crumble Bedroom,2017,Chessington World of Adventures,Pop Badge,323.jpg
Zebra Bedroom,2017,Chessington World of Adventures,Pop Badge,324.jpg
Sebastian Iguana,2017,Chessington World of Adventures,Pop Badge,325.jpg
Squirrel Monkeys,2017,Chessington World of Adventures,Pop Badge,326.jpg
Eland,2017,Chessington World of Adventures,Pop Badge,327.jpg
Giraffe,2017,Chessington World of Adventures,Pop Badge,328.jpg
Giraffe,2017,Chessington World of Adventures,Pop Badge,329.jpg
Gorilla,2017,Chessington World of Adventures,Pop Badge,330.jpg
Kamal,2017,Chessington World of Adventures,Pop Badge,331.jpg
Lion Cub,2017,Chessington World of Adventures,Pop Badge,332.jpg
Otter,2017,Chessington World of Adventures,Pop Badge,333.jpg
Penguin,2017,Chessington World of Adventures,Pop Badge,334.jpg
Rani,2017,Chessington World of Adventures,Pop Badge,335.jpg
Reindeer,2017,Chessington World of Adventures,Pop Badge,336.jpg
Tiger,2017,Chessington World of Adventures,Pop Badge,337.jpg
Gruffalo,2017,Chessington World of Adventures,Pop Badge,338.jpg
Gruffalo Fox,2017,Chessington World of Adventures,Pop Badge,339.jpg
Gruffalo Mouse,2017,Chessington World of Adventures,Pop Badge,340.jpg
Gruffalo Owl,2017,Chessington World of Adventures,Pop Badge,341.jpg
Gruffalo Ride,2017,Chessington World of Adventures,Pop Badge,342.jpg
Gruffalo Room,2017,Chessington World of Adventures,Pop Badge,343.jpg
Gruffalo Snake,2017,Chessington World of Adventures,Pop Badge,344.jpg
Adventure Tree,2017,Chessington World of Adventures,Pop Badge,345.jpg
Dragon River,2017,Chessington World of Adventures,Pop Badge,346.jpg
Runaway Train,2017,Chessington World of Adventures,Pop Badge,347.jpg
Terror Tomb,2017,Chessington World of Adventures,Pop Badge,348.jpg
Gold,2017,Chessington World of Adventures,Pop Badge,349.jpg
VIP,2017,Chessington World of Adventures,Pop Badge,350.jpg
It's My Birthday,2017,Chessington World of Adventures,Pop Badge,351.jpg
Roar Like a Lion,2017,Chessington World of Adventures,Pop Badge,352.jpg
Rosie the Owl,2017,Chessington World of Adventures,Pop Badge,353.jpg
What the Ladybird Heard,2017,Chessington World of Adventures,Pop Badge,354.jpg
Azteca Hotel,2017 Reprints,Chessington World of Adventures,Pop Badge,355.jpg
Azteca Hotel Piranhas,2017 Reprints,Chessington World of Adventures,Pop Badge,356.jpg
Capybara,2017 Reprints,Chessington World of Adventures,Pop Badge,357.jpg
Dragon Falls,2017 Reprints,Chessington World of Adventures,Pop Badge,358.jpg
Dragons Fury,2017 Reprints,Chessington World of Adventures,Pop Badge,359.jpg
Glamping Lorikeets,2017 Reprints,Chessington World of Adventures,Pop Badge,360.jpg
Go Ape,2017 Reprints,Chessington World of Adventures,Pop Badge,361.jpg
Gorilla Picking Nose,2017 Reprints,Chessington World of Adventures,Pop Badge,362.jpg
Ostrich,2017 Reprints,Chessington World of Adventures,Pop Badge,363.jpg
Panda,2017 Reprints,Chessington World of Adventures,Pop Badge,364.jpg
Penguins of Madagascar,2017 Reprints,Chessington World of Adventures,Pop Badge,365.jpg
Raccoon,2017 Reprints,Chessington World of Adventures,Pop Badge,366.jpg
Rangers Club,2017 Reprints,Chessington World of Adventures,Pop Badge,367.jpg
Rhino,2017 Reprints,Chessington World of Adventures,Pop Badge,368.jpg
Safari Hotel,2017 Reprints,Chessington World of Adventures,Pop Badge,369.jpg
Sea Life,2017 Reprints,Chessington World of Adventures,Pop Badge,370.jpg
Vampire,2017 Reprints,Chessington World of Adventures,Pop Badge,371.jpg
Zebras,2017 Reprints,Chessington World of Adventures,Pop Badge,372.jpg
Zoo,2017 Reprints,Chessington World of Adventures,Pop Badge,373.jpg
Dik Dik,2016,Chessington World of Adventures,Pop Badge,374.jpg
Fennec Fox,2016,Chessington World of Adventures,Pop Badge,375.jpg
Gentle Lemur,2016,Chessington World of Adventures,Pop Badge,376.jpg
Monkey,2016,Chessington World of Adventures,Pop Badge,377.jpg
Tamarin,2016,Chessington World of Adventures,Pop Badge,378.jpg
Capybara,2016,Chessington World of Adventures,Pop Badge,379.jpg
Lion,2016,Chessington World of Adventures,Pop Badge,380.jpg
Macaw,2016,Chessington World of Adventures,Pop Badge,381.jpg
Ostrich,2016,Chessington World of Adventures,Pop Badge,382.jpg
Otter,2016,Chessington World of Adventures,Pop Badge,383.jpg
Panda,2016,Chessington World of Adventures,Pop Badge,384.jpg
Racoon,2016,Chessington World of Adventures,Pop Badge,385.jpg
Rhino,2016,Chessington World of Adventures,Pop Badge,386.jpg
Give Me a High Five!,2016,Chessington World of Adventures,Pop Badge,387.jpg
Shout Ahoy!,2016,Chessington World of Adventures,Pop Badge,388.jpg
Stand Like a Flamingo,2016,Chessington World of Adventures,Pop Badge,389.jpg
Dragon Falls,2016,Chessington World of Adventures,Pop Badge,390.jpg
Dragon's Fury,2016,Chessington World of Adventures,Pop Badge,391.jpg
Sea Life,2016,Chessington World of Adventures,Pop Badge,392.jpg
Zoo,2016,Chessington World of Adventures,Pop Badge,393.jpg
Annual Passholder,2016,Chessington World of Adventures,Pop Badge,394.jpg
Gold,2016,Chessington World of Adventures,Pop Badge,395.jpg
It's My Birthday,2016,Chessington World of Adventures,Pop Badge,396.jpg
Roar and Explore,2016,Chessington World of Adventures,Pop Badge,397.jpg
VIP,2016,Chessington World of Adventures,Pop Badge,398.jpg
Wild Adventurer,2016,Chessington World of Adventures,Pop Badge,399.jpg
Zoo 85th Anniversary,2016,Chessington World of Adventures,Pop Badge,400.jpg
Explorer Glamping,2016,Chessington World of Adventures,Pop Badge,401.jpg
Lorikeets Glamping,2016,Chessington World of Adventures,Pop Badge,402.jpg
Go Ape,2016,Chessington World of Adventures,Pop Badge,403.jpg
Professor Burp,2016,Chessington World of Adventures,Pop Badge,404.jpg
Scream Street,2016,Chessington World of Adventures,Pop Badge,405.jpg
Junior Zoo Keeper,2016,Chessington World of Adventures,Pop Badge,53.jpg
Flying Jumbos,2016 Reprints,Chessington World of Adventures,Pop Badge,406.jpg
Giraffe,2016 Reprints,Chessington World of Adventures,Pop Badge,407.jpg
Gorilla Picking Nose,2016 Reprints,Chessington World of Adventures,Pop Badge,408.jpg
Kobra,2016 Reprints,Chessington World of Adventures,Pop Badge,409.jpg
Lioness,2016 Reprints,Chessington World of Adventures,Pop Badge,410.jpg
Penguin,2016 Reprints,Chessington World of Adventures,Pop Badge,411.jpg
Penguins of Madagascar,2016 Reprints,Chessington World of Adventures,Pop Badge,412.jpg
Rangers Club,2016 Reprints,Chessington World of Adventures,Pop Badge,413.jpg
Tiger,2016 Reprints,Chessington World of Adventures,Pop Badge,414.jpg
Tiny Truckers,2016 Reprints,Chessington World of Adventures,Pop Badge,415.jpg
Vampire,2016 Reprints,Chessington World of Adventures,Pop Badge,416.jpg
Zebras,2016 Reprints,Chessington World of Adventures,Pop Badge,417.jpg
Zufari,2016 Reprints,Chessington World of Adventures,Pop Badge,418.jpg
Howloween,2016 Reprints,Chessington World of Adventures,Pop Badge,419.jpg
Winter's Tail,2016 Reprints,Chessington World of Adventures,Pop Badge,420.jpg
African Adventure,2015,Chessington World of Adventures,Pop Badge,421.jpg
African Adventures,2015,Chessington World of Adventures,Pop Badge,422.jpg
Science Week,2015,Chessington World of Adventures,Pop Badge,423.jpg
Wild Adventurer,2015,Chessington World of Adventures,Pop Badge,424.jpg
Sea Life Shark,2015,Chessington World of Adventures,Pop Badge,425.jpg
Azteca Hotel Piranhas,2015,Chessington World of Adventures,Pop Badge,426.jpg
Komodo Dragon,2015,Chessington World of Adventures,Pop Badge,427.jpg
Savannah Splash,2015,Chessington World of Adventures,Pop Badge,428.jpg
Flamingo,2015,Chessington World of Adventures,Pop Badge,429.jpg
Gorilla Picking Nose,2015,Chessington World of Adventures,Pop Badge,430.jpg
Lion,2015,Chessington World of Adventures,Pop Badge,431.jpg
Reindeer,2015,Chessington World of Adventures,Pop Badge,432.jpg
Zebras,2015,Chessington World of Adventures,Pop Badge,433.jpg
Annual Pass,2015,Chessington World of Adventures,Pop Badge,434.jpg
Preschooler & Adult Pass,2015,Chessington World of Adventures,Pop Badge,435.jpg
Give Me a High 5,2015,Chessington World of Adventures,Pop Badge,436.jpg
Roar Like a Lion,2015,Chessington World of Adventures,Pop Badge,437.jpg
Penguins of Madagascar,2015,Chessington World of Adventures,Pop Badge,438.jpg
Sea Life Shark,2015,Chessington World of Adventures,Pop Badge,439.jpg
Zufari,2015,Chessington World of Adventures,Pop Badge,440.jpg
Howloween,2015,Chessington World of Adventures,Pop Badge,441.jpg
Winter's Tail,2015,Chessington World of Adventures,Pop Badge,442.jpg
Dreamworks Weekenders,2015,Chessington World of Adventures,Pop Badge,443.jpg
Amazu,2015 Reprints,Chessington World of Adventures,Pop Badge,444.jpg
Azteca Hotel,2015 Reprints,Chessington World of Adventures,Pop Badge,445.jpg
Bubbleworks,2015 Reprints,Chessington World of Adventures,Pop Badge,446.jpg
Conservation Fund,2015 Reprints,Chessington World of Adventures,Pop Badge,447.jpg
Dragon Falls,2015 Reprints,Chessington World of Adventures,Pop Badge,448.jpg
Dragons Fury,2015 Reprints,Chessington World of Adventures,Pop Badge,449.jpg
Flying Jumbos,2015 Reprints,Chessington World of Adventures,Pop Badge,450.jpg
Giraffe,2015 Reprints,Chessington World of Adventures,Pop Badge,451.jpg
It's My Birthday,2015 Reprints,Chessington World of Adventures,Pop Badge,452.jpg
Kobra,2015 Reprints,Chessington World of Adventures,Pop Badge,453.jpg
Lioness,2015 Reprints,Chessington World of Adventures,Pop Badge,454.jpg
Lorikeets,2015 Reprints,Chessington World of Adventures,Pop Badge,455.jpg
Meerkat,2015 Reprints,Chessington World of Adventures,Pop Badge,456.jpg
Monkey,2015 Reprints,Chessington World of Adventures,Pop Badge,457.jpg
Penguin,2015 Reprints,Chessington World of Adventures,Pop Badge,458.jpg
Rangers Club,2015 Reprints,Chessington World of Adventures,Pop Badge,459.jpg
Rhino,2015 Reprints,Chessington World of Adventures,Pop Badge,460.jpg
Safari Hotel,2015 Reprints,Chessington World of Adventures,Pop Badge,461.jpg
Scorpion Express,2015 Reprints,Chessington World of Adventures,Pop Badge,462.jpg
Sealion,2015 Reprints,Chessington World of Adventures,Pop Badge,463.jpg
Tiger,2015 Reprints,Chessington World of Adventures,Pop Badge,464.jpg
Tiny Truckers,2015 Reprints,Chessington World of Adventures,Pop Badge,465.jpg
Vampire,2015 Reprints,Chessington World of Adventures,Pop Badge,466.jpg
Vampire Logo,2015 Reprints,Chessington World of Adventures,Pop Badge,467.jpg
Giraffe,2014,Chessington World of Adventures,Pop Badge,468.jpg
Lioness,2014,Chessington World of Adventures,Pop Badge,469.jpg
Meerkat & Teddy,2014,Chessington World of Adventures,Pop Badge,470.jpg
Monkey,2014,Chessington World of Adventures,Pop Badge,471.jpg
Penguin,2014,Chessington World of Adventures,Pop Badge,472.jpg
Rhino,2014,Chessington World of Adventures,Pop Badge,473.jpg
Sealion,2014,Chessington World of Adventures,Pop Badge,474.jpg
Tiger,2014,Chessington World of Adventures,Pop Badge,475.jpg
Gold Badge,2014,Chessington World of Adventures,Pop Badge,476.jpg
Amazu,2014,Chessington World of Adventures,Pop Badge,477.jpg
Flying Jumbos,2014,Chessington World of Adventures,Pop Badge,478.jpg
Kobra,2014,Chessington World of Adventures,Pop Badge,479.jpg
Scorpion Express,2014,Chessington World of Adventures,Pop Badge,480.jpg
Sealife,2014,Chessington World of Adventures,Pop Badge,481.jpg
Tiny Truckers,2014,Chessington World of Adventures,Pop Badge,482.jpg
Vampire Ride,2014,Chessington World of Adventures,Pop Badge,483.jpg
Azteca Hotel,2014,Chessington World of Adventures,Pop Badge,484.jpg
Rangers Club,2014,Chessington World of Adventures,Pop Badge,485.jpg
Safari Hotel,2014,Chessington World of Adventures,Pop Badge,486.jpg
Bat,2014,Chessington World of Adventures,Pop Badge,487.jpg
Conservation Fund,2014,Chessington World of Adventures,Pop Badge,488.jpg
It's My Birthday,2014,Chessington World of Adventures,Pop Badge,489.jpg
Santa,2014,Chessington World of Adventures,Pop Badge,490.jpg
Santa (Reprint),2014,Chessington World of Adventures,Pop Badge,491.jpg
Giraffe,2013,Chessington World of Adventures,Pop Badge,492.jpg
Gorilla,2013,Chessington World of Adventures,Pop Badge,493.jpg
Gorilla Picking Nose,2013,Chessington World of Adventures,Pop Badge,494.jpg
Lion,2013,Chessington World of Adventures,Pop Badge,495.jpg
Lorikeets,2013,Chessington World of Adventures,Pop Badge,496.jpg
Meerkat,2013,Chessington World of Adventures,Pop Badge,497.jpg
Bubble Works,2013,Chessington World of Adventures,Pop Badge,498.jpg
Dragon Falls,2013,Chessington World of Adventures,Pop Badge,499.jpg
Dragon's Fury,2013,Chessington World of Adventures,Pop Badge,500.jpg
Vampire,2013,Chessington World of Adventures,Pop Badge,501.jpg
Zufari,2013,Chessington World of Adventures,Pop Badge,502.jpg
Hocus Pocus,2013,Chessington World of Adventures,Pop Badge,503.jpg
Christmas,2013,Chessington World of Adventures,Pop Badge,504.jpg
Conservation,2013,Chessington World of Adventures,Pop Badge,505.jpg
Cool Creations,2017,LEGOLAND Discovery Centre,Pop Badge,506.jpg
Batman,2017,LEGOLAND Discovery Centre,Pop Badge,507.jpg
Joker,2017,LEGOLAND Discovery Centre,Pop Badge,508.jpg
Robin,2017,LEGOLAND Discovery Centre,Pop Badge,509.jpg
Kai,2017,LEGOLAND Discovery Centre,Pop Badge,510.jpg
Lloyd,2017,LEGOLAND Discovery Centre,Pop Badge,511.jpg
Sensei Wu,2017,LEGOLAND Discovery Centre,Pop Badge,512.jpg
Unicorn,2017,LEGOLAND Discovery Centre,Pop Badge,513.jpg
Stormtrooper,2017,LEGOLAND Discovery Centre,Pop Badge,514.jpg
Yoda,2017,LEGOLAND Discovery Centre,Pop Badge,515.jpg
Photographer,2017,LEGOLAND Discovery Centre,Pop Badge,516.jpg
City Builder,2016,LEGOLAND Discovery Centre,Pop Badge,517.jpg
Lego Movie 4D,2016,LEGOLAND Discovery Centre,Pop Badge,518.jpg
Nexo Knights,2016,LEGOLAND Discovery Centre,Pop Badge,519.jpg
Benny,2016,LEGOLAND Discovery Centre,Pop Badge,520.jpg
Emmet,2016,LEGOLAND Discovery Centre,Pop Badge,521.jpg
Unikitty,2016,LEGOLAND Discovery Centre,Pop Badge,522.jpg
Wyldstyle,2016,LEGOLAND Discovery Centre,Pop Badge,523.jpg
Cole,2016,LEGOLAND Discovery Centre,Pop Badge,524.jpg
Jay,2016,LEGOLAND Discovery Centre,Pop Badge,525.jpg
Kai,2016,LEGOLAND Discovery Centre,Pop Badge,526.jpg
Lloyd,2016,LEGOLAND Discovery Centre,Pop Badge,527.jpg
Zane,2016,LEGOLAND Discovery Centre,Pop Badge,528.jpg
Kai (Head),2016,LEGOLAND Discovery Centre,Pop Badge,529.jpg
Santa,2016,LEGOLAND Discovery Centre,Pop Badge,530.jpg
Sleepover,2016,LEGOLAND Discovery Centre,Pop Badge,531.jpg
Knight and Dragon,2016 Reprints,LEGOLAND Discovery Centre,Pop Badge,532.jpg
Cheerleader,2016 Reprints,LEGOLAND Discovery Centre,Pop Badge,533.jpg
Clown,2016 Reprints,LEGOLAND Discovery Centre,Pop Badge,534.jpg
Easter Bunny,2016 Reprints,LEGOLAND Discovery Centre,Pop Badge,535.jpg
Lego Friends,2016 Reprints,LEGOLAND Discovery Centre,Pop Badge,536.jpg
Lizard Man,2016 Reprints,LEGOLAND Discovery Centre,Pop Badge,537.jpg
Racing Driver,2016 Reprints,LEGOLAND Discovery Centre,Pop Badge,538.jpg
Golden Lloyd,2016 Reprints,LEGOLAND Discovery Centre,Pop Badge,539.jpg
Vampire,2016 Reprints,LEGOLAND Discovery Centre,Pop Badge,540.jpg
Elf,2016 Reprints,LEGOLAND Discovery Centre,Pop Badge,541.jpg
Agent Calia Phoenix,2015 Reprints,LEGOLAND Discovery Centre,Pop Badge,542.jpg
Agent Curtis Bolt,2015 Reprints,LEGOLAND Discovery Centre,Pop Badge,543.jpg
Terabyte,2015 Reprints,LEGOLAND Discovery Centre,Pop Badge,544.jpg
Knight and Dragon,2015 Reprints,LEGOLAND Discovery Centre,Pop Badge,545.jpg
Emmet,2015 Reprints,LEGOLAND Discovery Centre,Pop Badge,546.jpg
President Business,2015 Reprints,LEGOLAND Discovery Centre,Pop Badge,547.jpg
Unikitty,2015 Reprints,LEGOLAND Discovery Centre,Pop Badge,548.jpg
Wyldstyle,2015 Reprints,LEGOLAND Discovery Centre,Pop Badge,549.jpg
Cole,2015 Reprints,LEGOLAND Discovery Centre,Pop Badge,550.jpg
Jay,2015 Reprints,LEGOLAND Discovery Centre,Pop Badge,551.jpg
Kai,2015 Reprints,LEGOLAND Discovery Centre,Pop Badge,552.jpg
Lloyd,2015 Reprints,LEGOLAND Discovery Centre,Pop Badge,553.jpg
Zane,2015 Reprints,LEGOLAND Discovery Centre,Pop Badge,554.jpg
Racers,2015 Reprints,LEGOLAND Discovery Centre,Pop Badge,555.jpg
Brick or Treat,2015 Reprints,LEGOLAND Discovery Centre,Pop Badge,556.jpg
Christmas Bricktacular,2015 Reprints,LEGOLAND Discovery Centre,Pop Badge,557.jpg
Cheerleader,2014,LEGOLAND Discovery Centre,Pop Badge,558.jpg
Clown,2014,LEGOLAND Discovery Centre,Pop Badge,559.jpg
Dragon Knight,2014,LEGOLAND Discovery Centre,Pop Badge,560.jpg
Inspector,2014,LEGOLAND Discovery Centre,Pop Badge,561.jpg
Laval,2014,LEGOLAND Discovery Centre,Pop Badge,562.jpg
Lizard Man,2014,LEGOLAND Discovery Centre,Pop Badge,563.jpg
Lloyd,2014,LEGOLAND Discovery Centre,Pop Badge,564.jpg
Olivia and Stephanie,2014,LEGOLAND Discovery Centre,Pop Badge,565.jpg
Racing Driver,2014,LEGOLAND Discovery Centre,Pop Badge,566.jpg
Easter Bunny,2014,LEGOLAND Discovery Centre,Pop Badge,567.jpg
Lord Vampire,2014,LEGOLAND Discovery Centre,Pop Badge,568.jpg
Elf,2014,LEGOLAND Discovery Centre,Pop Badge,569.jpg
Bonnie and Bertie,2013,LEGOLAND Discovery Centre,Pop Badge,570.jpg
Cragger,2013,LEGOLAND Discovery Centre,Pop Badge,571.jpg
DJ,2013,LEGOLAND Discovery Centre,Pop Badge,572.jpg
Friends,2013,LEGOLAND Discovery Centre,Pop Badge,573.jpg
Happy Birthday,2013,LEGOLAND Discovery Centre,Pop Badge,574.jpg
Laval,2013,LEGOLAND Discovery Centre,Pop Badge,575.jpg
MBA Spaceman,2013,LEGOLAND Discovery Centre,Pop Badge,576.jpg
Santa,2013,LEGOLAND Discovery Centre,Pop Badge,577.jpg
Vampire,2013,LEGOLAND Discovery Centre,Pop Badge,578.jpg
Batman,2012,LEGOLAND Discovery Centre,Pop Badge,579.jpg
Bertie,2012,LEGOLAND Discovery Centre,Pop Badge,580.jpg
Bonnie,2012,LEGOLAND Discovery Centre,Pop Badge,581.jpg
Clown,2012,LEGOLAND Discovery Centre,Pop Badge,582.jpg
Darth Vader,2012,LEGOLAND Discovery Centre,Pop Badge,583.jpg
Forest Pursuit,2012,LEGOLAND Discovery Centre,Pop Badge,584.jpg
Friends,2012,LEGOLAND Discovery Centre,Pop Badge,585.jpg
Ninjago,2012,LEGOLAND Discovery Centre,Pop Badge,586.jpg
Santa,2012,LEGOLAND Discovery Centre,Pop Badge,587.jpg
Vampire,2012,LEGOLAND Discovery Centre,Pop Badge,588.jpg
Rise of the Daemon,2017,THORPE PARK Resort,Pop Badge,589.jpg
Timber Tug Boat,2017,THORPE PARK Resort,Pop Badge,590.jpg
Shark Hotel,2017,THORPE PARK Resort,Pop Badge,591.jpg
Amity Beach,2016,THORPE PARK Resort,Pop Badge,592.jpg
Lost City,2016,THORPE PARK Resort,Pop Badge,593.jpg
Old Town,2016,THORPE PARK Resort,Pop Badge,594.jpg
Port & Basecamp,2016,THORPE PARK Resort,Pop Badge,595.jpg
Swarm Island,2016,THORPE PARK Resort,Pop Badge,596.jpg
The Jungle,2016,THORPE PARK Resort,Pop Badge,597.jpg
Fright Nights,2016,THORPE PARK Resort,Pop Badge,598.jpg
Amity Beach,2015,THORPE PARK Resort,Pop Badge,599.jpg
Lost City,2015,THORPE PARK Resort,Pop Badge,600.jpg
Old Town,2015,THORPE PARK Resort,Pop Badge,601.jpg
Port & Basecamp,2015,THORPE PARK Resort,Pop Badge,602.jpg
Swarm Island,2015,THORPE PARK Resort,Pop Badge,603.jpg
The Jungle,2015,THORPE PARK Resort,Pop Badge,604.jpg
Angry Birds,2015,THORPE PARK Resort,Pop Badge,605.jpg
I'm a Celebrity Jungle Maze,2015,THORPE PARK Resort,Pop Badge,606.jpg
Stealyj,2015,THORPE PARK Resort,Pop Badge,607.jpg
The Swarm,2015,THORPE PARK Resort,Pop Badge,608.jpg
It's My Birthday,2015,THORPE PARK Resort,Pop Badge,609.jpg
My First Coaster,2015,THORPE PARK Resort,Pop Badge,610.jpg
Shark Club (Reprint),2015,THORPE PARK Resort,Pop Badge,611.jpg
Fright Nights,2015,THORPE PARK Resort,Pop Badge,612.jpg
Ghost Train,2015,THORPE PARK Resort,Pop Badge,613.jpg
Shark Club,2014,THORPE PARK Resort,Pop Badge,614.jpg
Pirates,2017,Alton Towers Resort,Pop Badge,615.jpg
Princesses,2017,Alton Towers Resort,Pop Badge,616.jpg
Lucky Last Hole,2017,Alton Towers Resort,Pop Badge,617.jpg
Furchester Hotel,2017,Alton Towers Resort,Pop Badge,54.jpg
Go Jetters,2017,Alton Towers Resort,Pop Badge,618.jpg
Cbeebies Hotel,2017,Alton Towers Resort,Pop Badge,619.jpg
Alton Towers Hotel,2017 Staff,Alton Towers Resort,Pop Badge,620.jpg
Alton Towers Spa,2017 Staff,Alton Towers Resort,Pop Badge,621.jpg
Extraordinary Golf,2017 Staff,Alton Towers Resort,Pop Badge,622.jpg
Splash Landings,2017 Staff,Alton Towers Resort,Pop Badge,623.jpg
Towers Logo,2017 Staff,Alton Towers Resort,Pop Badge,624.jpg
Tree Top Quest,2017 Staff,Alton Towers Resort,Pop Badge,625.jpg
Water Park,2017 Staff,Alton Towers Resort,Pop Badge,626.jpg
Gold,2017 Staff,Alton Towers Resort,Pop Badge,627.jpg
Flying Carpet Wizard,2017 Staff,Alton Towers Resort,Pop Badge,628.jpg
World Wizard,2017 Staff,Alton Towers Resort,Pop Badge,629.jpg
Sharkbait Reef,2016,Alton Towers Resort,Pop Badge,630.jpg
Birthday,2016,Alton Towers Resort,Pop Badge,631.jpg
For The Love of Fun,2016,Alton Towers Resort,Pop Badge,632.jpg
Alton Towers 2016,2016,Alton Towers Resort,Pop Badge,633.jpg
Towers Tastic Summer,2016,Alton Towers Resort,Pop Badge,634.jpg
Snapchat,2016,Alton Towers Resort,Pop Badge,635.jpg
Scarefest Characters,2016,Alton Towers Resort,Pop Badge,636.jpg
Scarefest Towers,2016,Alton Towers Resort,Pop Badge,637.jpg
Santa,2016,Alton Towers Resort,Pop Badge,638.jpg
Towers Tastic Summer,2015,Alton Towers Resort,Pop Badge,639.jpg
Franklyn,2015,Alton Towers Resort,Pop Badge,640.jpg
Patch,2015,Alton Towers Resort,Pop Badge,641.jpg
Phil,2015,Alton Towers Resort,Pop Badge,642.jpg
Scarefest,2015,Alton Towers Resort,Pop Badge,643.jpg
Skelvin,2015,Alton Towers Resort,Pop Badge,644.jpg
Christmas,2015,Alton Towers Resort,Pop Badge,645.jpg
Santa Sleepover,2015,Alton Towers Resort,Pop Badge,646.jpg
Snowman,2015,Alton Towers Resort,Pop Badge,647.jpg
Baby Po,2016,Shrek's Adventure,Pop Badge,648.jpg
Fefgus Farkle & Felicia,2016,Shrek's Adventure,Pop Badge,649.jpg
Gingy,2016,Shrek's Adventure,Pop Badge,650.jpg
Passport,2016,Shrek's Adventure,Pop Badge,651.jpg
Pinocchio,2015,Shrek's Adventure,Pop Badge,652.jpg
Po Gloria & Toothless,2015,Shrek's Adventure,Pop Badge,653.jpg
Puss in Boots,2015,Shrek's Adventure,Pop Badge,654.jpg
Shrek,2015,Shrek's Adventure,Pop Badge,655.jpg
1100 Years Of History,2017,Warwick Castle,Pop Badge,656.jpg
Boathouse Restoration,2017,Warwick Castle,Pop Badge,657.jpg
House of Lancaster,2017,Warwick Castle,Pop Badge,658.jpg
House of York,2017,Warwick Castle,Pop Badge,659.jpg
Wars of Roses,2017,Warwick Castle,Pop Badge,660.jpg
History Week,2017,Warwick Castle,Pop Badge,661.jpg
Knights Village,2017,Warwick Castle,Pop Badge,662.jpg
Annual Pass,2017,Warwick Castle,Pop Badge,663.jpg
Horrible Histories,2017,Warwick Castle,Pop Badge,664.jpg
Horrible Histories,2016,Warwick Castle,Pop Badge,665.jpg
Horrible Histories Shielf,2016,Warwick Castle,Pop Badge,666.jpg
Flight of the Eagles,2016,Warwick Castle,Pop Badge,667.jpg
Haunted Castle,2016,Warwick Castle,Pop Badge,668.jpg
History Team,2016,Warwick Castle,Pop Badge,669.jpg
Jousting,2016,Warwick Castle,Pop Badge,670.jpg
Knights Village,2016,Warwick Castle,Pop Badge,671.jpg
Peacock,2016,Warwick Castle,Pop Badge,672.jpg
Princess Tower,2016,Warwick Castle,Pop Badge,673.jpg
Trebuchet,2016,Warwick Castle,Pop Badge,674.jpg
Circus,2017,Blackpool Tower,Pop Badge,675.jpg
Dungeon,2017,Blackpool Tower,Pop Badge,676.jpg
Birthday,2017,Blackpool Tower,Pop Badge,677.jpg
I'm a Tower Explorer,2017,Blackpool Tower,Pop Badge,678.jpg
Circus,2016,Blackpool Tower,Pop Badge,679.jpg
Dungeon,2016,Blackpool Tower,Pop Badge,680.jpg
Jungle Jim's,2016,Blackpool Tower,Pop Badge,681.jpg
Tower,2016,Blackpool Tower,Pop Badge,682.jpg
Circus,2015,Blackpool Tower,Pop Badge,683.jpg
Tower Eye,2015,Blackpool Tower,Pop Badge,684.jpg
Halloween,2016,London Eye,Pop Badge,685.jpg
Hello Summer,2017,Merlin Entertainments,Pop Badge,686.jpg
My Year of Fun!,2017,Merlin Entertainments,Pop Badge,687.jpg
Dixie,2017,Merlin Entertainments,Pop Badge,688.jpg
Jessie,2017,Merlin Entertainments,Pop Badge,689.jpg
Norbert,2017,Merlin Entertainments,Pop Badge,690.jpg
Annual Pass Limited Edition,2016,Merlin Entertainments,Pop Badge,691.jpg
Cubs 100,2016,Merlin Entertainments,Pop Badge,692.jpg
Elliott's Swappathon,2016,Merlin Entertainments,Pop Badge,693.jpg
Magic Wand Annual Pass,2016,Merlin Entertainments,Pop Badge,694.jpg
Passholder Blue,2016,Merlin Entertainments,Pop Badge,695.jpg
Passholder Winner,2016,Merlin Entertainments,Pop Badge,696.jpg
Passholder Yellow,2016,Merlin Entertainments,Pop Badge,697.jpg
Merlin's Magic Wand,2016,Merlin Entertainments,Pop Badge,698.jpg
Merlin's Magic Wand Christmas,2015,Merlin Entertainments,Pop Badge,699.jpg
Merlin Annual Pass,2015,Merlin Entertainments,Pop Badge,700.jpg
Passholder Limited Edition,2015,Merlin Entertainments,Pop Badge,701.jpg
Premium Passholder,2015,Merlin Entertainments,Pop Badge,702.jpg
Merlin's Magic Wand,2014,Merlin Entertainments,Pop Badge,703.jpg
Merlin Annual Pass Holder,2014,Merlin Entertainments,Pop Badge,704.jpg
VIP Passholder,2017,Merlin Entertainments - VIP,Pop Badge,705.jpg
Warwick VIP Wizard,2017,Merlin Entertainments - VIP,Pop Badge,706.jpg
Rollercoaster VIP,2016,Merlin Entertainments - VIP,Pop Badge,707.jpg
Explorer Glamping,2016,Merlin Entertainments - VIP,Pop Badge,708.jpg
VIP Passholder,2016,Merlin Entertainments - VIP,Pop Badge,709.jpg
Shark Feeder,2016,Merlin Entertainments - VIP,Pop Badge,710.jpg
Great Fire of London,2016,The London Dungeons,Pop Badge,711.jpg
Dungeon Logo,2017,The York Dungeon,Pop Badge,712.jpg
Vikings,2017,The York Dungeon,Pop Badge,713.jpg
Dick is Back,2017,The York Dungeon,Pop Badge,714.jpg
Wicked Women,2016,The York Dungeon,Pop Badge,715.jpg
Dungeon Logo,2017,The Edinburgh Dungeon,Pop Badge,716.jpg
Witches,2017,The Edinburgh Dungeon,Pop Badge,717.jpg
Celebrities,2016,Madam Tussauds - Blackpool,Pop Badge,718.jpg
I Met the Stars,2016,Madam Tussauds - Blackpool,Pop Badge,719.jpg
Kids Characters,2016,Madam Tussauds - Blackpool,Pop Badge,720.jpg
James Conrad,2017,Madam Tussauds - London,Pop Badge,721.jpg
Kong,2017,Madam Tussauds - London,Pop Badge,722.jpg
C3PO,2017,Madam Tussauds - London,Pop Badge,723.jpg
Darth Vader,2017,Madam Tussauds - London,Pop Badge,724.jpg
R2D2,2017,Madam Tussauds - London,Pop Badge,725.jpg
Star Wars Logo,2017,Madam Tussauds - London,Pop Badge,726.jpg
Stormtrooper,2017,Madam Tussauds - London,Pop Badge,727.jpg
Chewbacca,2016,Madam Tussauds - London,Pop Badge,728.jpg
Han Solo,2016,Madam Tussauds - London,Pop Badge,729.jpg
Leia and Jabba,2016,Madam Tussauds - London,Pop Badge,730.jpg
Luke Skywalker,2016,Madam Tussauds - London,Pop Badge,731.jpg
Rey,2016,Madam Tussauds - London,Pop Badge,732.jpg
Yoda,2016,Madam Tussauds - London,Pop Badge,733.jpg
Annual Pass Seahorse,2017,Sea Life - Weymouth,Pop Badge,734.jpg
Magnus,2017,Sea Life - Weymouth,Pop Badge,735.jpg
Otter,2017,Sea Life - Weymouth,Pop Badge,736.jpg
I've Dived with Sea Life,2017,Sea Life - Weymouth,Pop Badge,737.jpg
Pirate Golf,2017,Sea Life - Weymouth,Pop Badge,738.jpg
Adventure Playground,2017,Sea Life - Weymouth,Pop Badge,739.jpg
Caribbean Cove,2017,Sea Life - Weymouth,Pop Badge,740.jpg
Tower,2017,Sea Life - Weymouth,Pop Badge,741.jpg
Train,2017,Sea Life - Weymouth,Pop Badge,742.jpg
Octopus,2017,Sea Life - Weymouth,Pop Badge,743.jpg
Turtle,2017,Sea Life - Weymouth,Pop Badge,744.jpg
Conservation,2017,Sea Life - Weymouth,Pop Badge,745.jpg
Turtle Nests,2017,Sea Life - Weymouth,Pop Badge,746.jpg
Hermit Crab,2017,Sea Life - Weymouth,Pop Badge,747.jpg
Annual Pass Turtle,2016,Sea Life - Weymouth,Pop Badge,748.jpg
Clown Fish,2016,Sea Life - Weymouth,Pop Badge,749.jpg
Crocodile,2016,Sea Life - Weymouth,Pop Badge,750.jpg
I've Dived With Sea Life,2016,Sea Life - Weymouth,Pop Badge,751.jpg
Octopus,2016,Sea Life - Weymouth,Pop Badge,752.jpg
Penguin,2016,Sea Life - Weymouth,Pop Badge,753.jpg
Ray,2016,Sea Life - Weymouth,Pop Badge,754.jpg
Seal,2016,Sea Life - Weymouth,Pop Badge,755.jpg
Turtle,2016,Sea Life - Weymouth,Pop Badge,756.jpg
Blue Tang,2016,Sea Life - Weymouth,Pop Badge,757.jpg
Shark,2016,Sea Life - Weymouth,Pop Badge,758.jpg
Pirate Golf,2016,Sea Life - Weymouth,Pop Badge,759.jpg
Creature Makes,2016,Sea Life - Weymouth,Pop Badge,760.jpg
Tyler,2016,Sea Life - Weymouth,Pop Badge,761.jpg
Dinosaur,2016,Sea Life - Weymouth,Pop Badge,762.jpg
Jellyfish,2016,Sea Life - Weymouth,Pop Badge,763.jpg
Enchanted Cabin,2016,Sea Life - Weymouth,Pop Badge,764.jpg
Piranah,2016,Sea Life - Weymouth,Pop Badge,765.jpg
Christmas Puffins,2016,Sea Life - Weymouth,Pop Badge,766.jpg
Annual Pass Penguin,2015,Sea Life - Weymouth,Pop Badge,767.jpg
Baby Dino,2015,Sea Life - Weymouth,Pop Badge,768.jpg
Mia,2015,Sea Life - Weymouth,Pop Badge,769.jpg
Octopus,2015,Sea Life - Weymouth,Pop Badge,770.jpg
Pirate Adventure Mini Golf,2015,Sea Life - Weymouth,Pop Badge,771.jpg
Conservation,2015,Sea Life - Weymouth,Pop Badge,772.jpg
Gold Starfish,2015,Sea Life - Weymouth,Pop Badge,773.jpg
Silver Seal,2015,Sea Life - Weymouth,Pop Badge,774.jpg
Face Your Fears,2015,Sea Life - Weymouth,Pop Badge,775.jpg
Snowman,2015,Sea Life - Weymouth,Pop Badge,776.jpg
Magnus,2014,Sea Life - Weymouth,Pop Badge,777.jpg
Puffins,2014,Sea Life - Weymouth,Pop Badge,778.jpg
Tower,2014,Sea Life - Weymouth,Pop Badge,779.jpg
Train,2014,Sea Life - Weymouth,Pop Badge,780.jpg
Face Your Fears,2014,Sea Life - Weymouth,Pop Badge,781.jpg
Santa,2014,Sea Life - Weymouth,Pop Badge,782.jpg
Adventure Trail,2017,Sea Life - Blackpool,Pop Badge,783.jpg
Rock Pool,2017,Sea Life - Blackpool,Pop Badge,784.jpg
Sea Stars,2017,Sea Life - Blackpool,Pop Badge,785.jpg
Snorkelling with Sharks,2017,Sea Life - Blackpool,Pop Badge,786.jpg
I Visited the Rock Pool,2017,Sea Life - Blackpool,Pop Badge,787.jpg
It's My Birthday,2017,Sea Life - Blackpool,Pop Badge,788.jpg
Rainforest Ranger Table,2017,Sea Life - Blackpool,Pop Badge,789.jpg
Snorkelling without Sharks,2017,Sea Life - Blackpool,Pop Badge,790.jpg
Jellyfish,2016,Sea Life - Blackpool,Pop Badge,791.jpg
Nautilus,2016,Sea Life - Blackpool,Pop Badge,792.jpg
Port Jackson Shark,2016,Sea Life - Blackpool,Pop Badge,793.jpg
Beach Clean,2016,Sea Life - Blackpool,Pop Badge,794.jpg
Wow Fact,2016,Sea Life - Blackpool,Pop Badge,795.jpg
Sharks in the Dark,2016,Sea Life - Blackpool,Pop Badge,796.jpg
Guitar Fish,2015,Sea Life - Blackpool,Pop Badge,797.jpg
Ray,2015,Sea Life - Blackpool,Pop Badge,798.jpg
I've Fed the Sharks,2015,Sea Life - Blackpool,Pop Badge,799.jpg
Snorkelling With Sharks,2015,Sea Life - Blackpool,Pop Badge,800.jpg
Seahorse,2015,Sea Life - Blackpool,Pop Badge,801.jpg
Shark,2015,Sea Life - Blackpool,Pop Badge,802.jpg
It's My Birthday,2015,Sea Life - Blackpool,Pop Badge,803.jpg
Claws,2017,Sea Life - Brighton,Pop Badge,804.jpg
Glass Bottom Boat,2017,Sea Life - Brighton,Pop Badge,805.jpg
The Loop,2017,Sea Life - Brighton,Pop Badge,806.jpg
VIP Feeding Experience,2017,Sea Life - Brighton,Pop Badge,807.jpg
Secrets of the Reef,2016,Sea Life - Brighton,Pop Badge,808.jpg
Oldest Aquarium,2015,Sea Life - Brighton,Pop Badge,809.jpg
Plesiosaurus,2015,Sea Life - Brighton,Pop Badge,810.jpg
Sea Turtle,2015,Sea Life - Brighton,Pop Badge,811.jpg
Axolotl,2017,Sea Life - Manchester,Pop Badge,812.jpg
Nautilus,2017,Sea Life - Manchester,Pop Badge,813.jpg
Plesiosaurus,2017,Sea Life - Manchester,Pop Badge,814.jpg
Ranger,2017,Sea Life - Manchester,Pop Badge,815.jpg
Sleepover,2017,Sea Life - Manchester,Pop Badge,816.jpg
I Touched a Snail,2017,Sea Life - Manchester,Pop Badge,817.jpg
I Touched a Snake,2017,Sea Life - Manchester,Pop Badge,818.jpg
I Touched a Starfish,2017,Sea Life - Manchester,Pop Badge,819.jpg
Ancient Oceans,2016,Sea Life - Manchester,Pop Badge,820.jpg
Hank,2016,Sea Life - Manchester,Pop Badge,821.jpg
Fishmas Tails,2016,Sea Life - Manchester,Pop Badge,822.jpg
Spooky Seas,2015,Sea Life - Manchester,Pop Badge,823.jpg
Merry Fishmas,2015,Sea Life - Manchester,Pop Badge,824.jpg
I've Dived with Sea Life,2015,Sea Life - Manchester,Pop Badge,825.jpg
Shark Weeks,2017,Sea Life - Scarborough,Pop Badge,826.jpg
I've Met Babs,2017,Sea Life - Scarborough,Pop Badge,827.jpg
Octopus Hideout,2017,Sea Life - Scarborough,Pop Badge,828.jpg
Golden Egg Hunt,2017,Sea Life - Scarborough,Pop Badge,829.jpg
Penguin Week,2017,Sea Life - Scarborough,Pop Badge,830.jpg
Sleepover,2017,Sea Life - Scarborough,Pop Badge,831.jpg
Seal Hospital,2017,Sea Life - Scarborough,Pop Badge,832.jpg
Eric the Otter,2016,Sea Life - Scarborough,Pop Badge,833.jpg
Penguin Weeks,2016,Sea Life - Scarborough,Pop Badge,834.jpg
Penguin,2016,Sea Life - Scarborough,Pop Badge,835.jpg
Penguin in Snow,2016,Sea Life - Scarborough,Pop Badge,836.jpg
Seal,2016,Sea Life - Scarborough,Pop Badge,837.jpg
Jellyfish,2016,Sea Life - Scarborough,Pop Badge,838.jpg
Sea Watch,2016,Sea Life - Scarborough,Pop Badge,839.jpg
Seal Doctor Week,2016,Sea Life - Scarborough,Pop Badge,840.jpg
Ghost Golf,2016,Sea Life - Scarborough,Pop Badge,841.jpg
I Met Santa,2016,Sea Life - Scarborough,Pop Badge,842.jpg
I'm Santa's VIP,2016,Sea Life - Scarborough,Pop Badge,843.jpg
Face Your Fears,2015,Sea Life - Scarborough,Pop Badge,844.jpg
Santa,2015,Sea Life - Scarborough,Pop Badge,845.jpg
Snale and the Whale,2017,Sea Life - Birmingham,Pop Badge,846.jpg
It's My Birthday,2017,Sea Life - Birmingham,Pop Badge,847.jpg
Ocean Tunnel,2017,Sea Life - Birmingham,Pop Badge,848.jpg
Penguin Feeding,2017,Sea Life - Birmingham,Pop Badge,849.jpg
Clown Fish,2017,Sea Life - Birmingham,Pop Badge,850.jpg
Penguin,2017,Sea Life - Birmingham,Pop Badge,851.jpg
Octopus Hideout,2017,Sea Life - Birmingham,Pop Badge,852.jpg
Merlin's Magic Wand Day,2017,Sea Life - Birmingham,Pop Badge,853.jpg
Ancient Oceans,2016,Sea Life - Birmingham,Pop Badge,854.jpg
Penguins,2016,Sea Life - Birmingham,Pop Badge,855.jpg
Turtle,2016,Sea Life - Birmingham,Pop Badge,856.jpg
20th Anniversary,2016,Sea Life - Birmingham,Pop Badge,857.jpg
Penguin Week,2016,Sea Life - Birmingham,Pop Badge,858.jpg
Shark Weeks,2016,Sea Life - Birmingham,Pop Badge,859.jpg
Turtle Fest,2016,Sea Life - Birmingham,Pop Badge,860.jpg
I Met Santa,2016,Sea Life - Birmingham,Pop Badge,861.jpg
Lilly the Seal,2017,Sea Life - Hunstanton,Pop Badge,862.jpg
Being a Force for Good,2017,Sea Life - Hunstanton,Pop Badge,863.jpg
I Touched a Starfish,2017,Sea Life - Hunstanton,Pop Badge,864.jpg
Rainforest Ranger,2017,Sea Life - Hunstanton,Pop Badge,865.jpg
Conservation,2017,Sea Life - Hunstanton,Pop Badge,866.jpg
Seal Cadets,2017,Sea Life - Hunstanton,Pop Badge,867.jpg
Rainforest Ranger,2016,Sea Life - Hunstanton,Pop Badge,868.jpg
Predators of the Reef,2017,Sea Life - Loch Lomond,Pop Badge,869.jpg
Ray,2017,Sea Life - Loch Lomond,Pop Badge,870.jpg
I Joined the Invasion,2017,Sea Life - London,Pop Badge,871.jpg
Ocean Invaders,2017,Sea Life - London,Pop Badge,872.jpg
Pirate Week,2017,Sea Life - Great Yarmouth,Pop Badge,873.jpg
Shark,2017,Sea Life - Great Yarmouth,Pop Badge,874.jpg
Turtle,2017,Sea Life - Great Yarmouth,Pop Badge,875.jpg
Ray,2017,Sea Life - Bray,Pop Badge,876.jpg
Shark,2017,Sea Life - Bray,Pop Badge,877.jpg
Mia,2017,Sea Life - Bray,Pop Badge,878.jpg
Seal Cadets,2017,Sea Life - Cornish Seal Sanctuary,Pop Badge,879.jpg
Carus,2017,Sea Life - Cornish Seal Sanctuary,Pop Badge,880.jpg
Flipper,2017,Sea Life - Cornish Seal Sanctuary,Pop Badge,881.jpg
Otter,2017,Sea Life - Cornish Seal Sanctuary,Pop Badge,882.jpg
Penguin,2017,Sea Life - Cornish Seal Sanctuary,Pop Badge,883.jpg
Seal Pup,2017,Sea Life - Cornish Seal Sanctuary,Pop Badge,884.jpg
Sheba,2017,Sea Life - Cornish Seal Sanctuary,Pop Badge,885.jpg
Sunny,2017,Sea Life - Cornish Seal Sanctuary,Pop Badge,886.jpg
Sea Life Trust,2017,Sea Life - Cornish Seal Sanctuary,Pop Badge,887.jpg
Gweek Logo,2017,Sea Life - Cornish Seal Sanctuary,Pop Badge,888.jpg
Happy Birthday Babyface,2017,Sea Life - Cornish Seal Sanctuary,Pop Badge,889.jpg
The Deep,2017,Sea Life,Pop Badge,890.jpg
Behind the Scenes Tour,2017,Sea Life,Pop Badge,891.jpg
The Snail and the Whale,2017,Sea Life,Pop Badge,892.jpg
Captain Barnacles,2017,Sea Life,Pop Badge,893.jpg
Kwazii,2017,Sea Life,Pop Badge,894.jpg
Peso,2017,Sea Life,Pop Badge,895.jpg
Shellington,2017,Sea Life,Pop Badge,896.jpg
Octo Glow,2017,Sea Life,Pop Badge,897.jpg
Junior Ranger,2017,Sea Life,Pop Badge,898.jpg
Ant,2017,Sea Life,Pop Badge,899.jpg
Fontaine,2017,Sea Life,Pop Badge,900.jpg
Jeffrey,2017,Sea Life,Pop Badge,901.jpg
The Nektons,2017,Sea Life,Pop Badge,902.jpg
Finding Dory,2016,Sea Life,Pop Badge,903.jpg
Spooky Seas,2016,Sea Life,Pop Badge,904.jpg
Cheetah,2017,Longleat Safari and Adventure Park,Pop Badge,905.jpg
Giraffes,2017,Longleat Safari and Adventure Park,Pop Badge,906.jpg
Lemurs,2017,Longleat Safari and Adventure Park,Pop Badge,907.jpg
Red Panda,2017,Longleat Safari and Adventure Park,Pop Badge,908.jpg
Rhino,2017,Longleat Safari and Adventure Park,Pop Badge,909.jpg
Tiger,2017,Longleat Safari and Adventure Park,Pop Badge,910.jpg
Wolf,2017,Longleat Safari and Adventure Park,Pop Badge,911.jpg
Longleat House,2017,Longleat Safari and Adventure Park,Pop Badge,912.jpg
Longleat Railway (Gold),2017,Longleat Safari and Adventure Park,Pop Badge,913.jpg
Longleat Railway (Red),2017,Longleat Safari and Adventure Park,Pop Badge,914.jpg
Maze,2017,Longleat Safari and Adventure Park,Pop Badge,915.jpg
Monkey Temple (Green),2017,Longleat Safari and Adventure Park,Pop Badge,916.jpg
Monkey Temple (Yellow),2017,Longleat Safari and Adventure Park,Pop Badge,917.jpg
Atlas,2017,Longleat Safari and Adventure Park,Pop Badge,918.jpg
It's My Birthday,2017,Longleat Safari and Adventure Park,Pop Badge,919.jpg
Lord Bath,2017,Longleat Safari and Adventure Park,Pop Badge,920.jpg
Marvellous Monsters,2017,Longleat Safari and Adventure Park,Pop Badge,921.jpg
Simbaloo,2017,Longleat Safari and Adventure Park,Pop Badge,922.jpg
Sky Safari,2017,Longleat Safari and Adventure Park,Pop Badge,923.jpg
50 Year Anniversary,2016,Longleat Safari and Adventure Park,Pop Badge,924.jpg
African Village,2016,Longleat Safari and Adventure Park,Pop Badge,925.jpg
Animal Adventure,2016,Longleat Safari and Adventure Park,Pop Badge,926.jpg
Beatrix Potter,2016,Longleat Safari and Adventure Park,Pop Badge,927.jpg
Giraffe,2016,Longleat Safari and Adventure Park,Pop Badge,928.jpg
Gorilla,2016,Longleat Safari and Adventure Park,Pop Badge,929.jpg
Gorilla Colony,2016,Longleat Safari and Adventure Park,Pop Badge,930.jpg
Jungle Kingdom,2016,Longleat Safari and Adventure Park,Pop Badge,931.jpg
Lion,2016,Longleat Safari and Adventure Park,Pop Badge,932.jpg
Lion Cubs,2016,Longleat Safari and Adventure Park,Pop Badge,933.jpg
Lions of Longleat,2016,Longleat Safari and Adventure Park,Pop Badge,934.jpg
Longleat House,2016,Longleat Safari and Adventure Park,Pop Badge,935.jpg
Lorikeets,2016,Longleat Safari and Adventure Park,Pop Badge,936.jpg
Monkeys,2016,Longleat Safari and Adventure Park,Pop Badge,937.jpg
Penguin Island,2016,Longleat Safari and Adventure Park,Pop Badge,938.jpg
Rockin Rhino,2016,Longleat Safari and Adventure Park,Pop Badge,939.jpg
Tarantula,2016,Longleat Safari and Adventure Park,Pop Badge,940.jpg
Giraffe,2015,Longleat Safari and Adventure Park,Pop Badge,941.jpg
Meerkat,2015,Longleat Safari and Adventure Park,Pop Badge,942.jpg
Monkeys,2015,Longleat Safari and Adventure Park,Pop Badge,943.jpg
Penguin,2015,Longleat Safari and Adventure Park,Pop Badge,944.jpg
Rhino,2015,Longleat Safari and Adventure Park,Pop Badge,945.jpg
Tiger,2015,Longleat Safari and Adventure Park,Pop Badge,946.jpg
Annual Pass Blue,2015,Longleat Safari and Adventure Park,Pop Badge,947.jpg
Annual Pass Pink,2015,Longleat Safari and Adventure Park,Pop Badge,948.jpg
Gold VIP,2015,Longleat Safari and Adventure Park,Pop Badge,949.jpg
Silver VIP,2015,Longleat Safari and Adventure Park,Pop Badge,950.jpg
Butterfly,2015,Chester Zoo,Pop Badge,951.jpg
Elephant,2015,Chester Zoo,Pop Badge,952.jpg
Giraffe,2015,Chester Zoo,Pop Badge,953.jpg
Lion,2015,Chester Zoo,Pop Badge,954.jpg
Monkey,2015,Chester Zoo,Pop Badge,955.jpg
Penguin,2015,Chester Zoo,Pop Badge,956.jpg
Rhino,2015,Chester Zoo,Pop Badge,957.jpg
Tiger,2015,Chester Zoo,Pop Badge,958.jpg
I Act for Wildlife,2015,Chester Zoo,Pop Badge,959.jpg
Islands Explorer,2015,Chester Zoo,Pop Badge,960.jpg
Junior Member,2015,Chester Zoo,Pop Badge,961.jpg
Black Bart,2017,Folly Farm,Pop Badge,962.jpg
Cakewalk,2017,Folly Farm,Pop Badge,963.jpg
Caru Cymru,2017,Folly Farm,Pop Badge,964.jpg
Fairground Explorer,2017,Folly Farm,Pop Badge,965.jpg
New Arrivals,2017,Folly Farm,Pop Badge,966.jpg
Pick Your Own Adventure,2017,Folly Farm,Pop Badge,967.jpg
Conservation Warrior,2016,Folly Farm,Pop Badge,968.jpg
Folly Farm Logo,2016,Folly Farm,Pop Badge,969.jpg
Penguin,2016,Folly Farm,Pop Badge,970.jpg
Pirate Play,2016,Folly Farm,Pop Badge,971.jpg
The Barn,2016,Folly Farm,Pop Badge,972.jpg
The Gallopers,2016,Folly Farm,Pop Badge,973.jpg
Halloween Hoots,2016,Folly Farm,Pop Badge,974.jpg
Spooky Encounters,2016,Folly Farm,Pop Badge,975.jpg
Festive Folly,2016,Folly Farm,Pop Badge,976.jpg
Snowman,2016,Folly Farm,Pop Badge,977.jpg
Giraffe Encounter,2017,Trycross Zoo,Pop Badge,978.jpg
Keeper Experience,2017,Trycross Zoo,Pop Badge,979.jpg
Meerkat Encounter,2017,Trycross Zoo,Pop Badge,980.jpg
Otter Encounter,2017,Trycross Zoo,Pop Badge,981.jpg
Penguin Encounter,2017,Trycross Zoo,Pop Badge,982.jpg
Penguin Awareness,2017,Trycross Zoo,Pop Badge,983.jpg
Celebration of Colour,2017,Trycross Zoo,Pop Badge,984.jpg
Happy Birthday,2017,Trycross Zoo,Pop Badge,985.jpg
Zoo Club,2017,Trycross Zoo,Pop Badge,986.jpg
Easter,2017,Trycross Zoo,Pop Badge,987.jpg
Endangered Species Day,2017,Trycross Zoo,Pop Badge,988.jpg
Giraffe Celebrations,2017,Trycross Zoo,Pop Badge,989.jpg
Love Your Zoo,2017,Trycross Zoo,Pop Badge,990.jpg
Summer Sundown,2017,Trycross Zoo,Pop Badge,991.jpg
World Ranger Day,2017,Trycross Zoo,Pop Badge,992.jpg
Big Bug Bonanza,2017,Trycross Zoo,Pop Badge,993.jpg
Elephant Celebrations,2017,Trycross Zoo,Pop Badge,994.jpg
International Primate Day,2017,Trycross Zoo,Pop Badge,995.jpg
Welcome to the Zoovies,2017,Trycross Zoo,Pop Badge,996.jpg
World Orangutan Day,2017,Trycross Zoo,Pop Badge,997.jpg
Snowflake,2016,Trycross Zoo,Pop Badge,998.jpg
Bearjing,2017,The Big Sleuth,Pop Badge,999.jpg
Bearmingham,2017,The Big Sleuth,Pop Badge,1000.jpg
Buzz,2017,The Big Sleuth,Pop Badge,1001.jpg
Captain Blue Bear,2017,The Big Sleuth,Pop Badge,1002.jpg
Dharama,2017,The Big Sleuth,Pop Badge,1003.jpg
Dr Bear Brawn,2017,The Big Sleuth,Pop Badge,1004.jpg
Mary Beary's Soggy Bottom,2017,The Big Sleuth,Pop Badge,1005.jpg
Peony Passion,2017,The Big Sleuth,Pop Badge,1006.jpg
The Bear That Cares,2017,The Big Sleuth,Pop Badge,1007.jpg
Wildlife Detective,2017,The Big Sleuth,Pop Badge,1008.jpg
Cheddar Man,2017,Cheddar Gorge and Caves,Pop Badge,1009.jpg
Caving,2017,Cheddar Gorge and Caves,Pop Badge,1010.jpg
Cheddar Gorge,2017,Cheddar Gorge and Caves,Pop Badge,1011.jpg
Dreamhunters,2017,Cheddar Gorge and Caves,Pop Badge,1012.jpg
Festival of Archaeology,2017,Cheddar Gorge and Caves,Pop Badge,1013.jpg
Richard Gough,2017,Cheddar Gorge and Caves,Pop Badge,1014.jpg
Wildlife Week,2017,Cheddar Gorge and Caves,Pop Badge,1015.jpg
Wildlife Week Owl,2017,Cheddar Gorge and Caves,Pop Badge,1016.jpg
Castle Hotel,2017,LEGOLAND Windsor,Collector Bricks,55.jpg
Annual Pass 45,2014,LEGOLAND Windsor,Collector Bricks,1017.jpg
Annual Pass 50,2014,LEGOLAND Windsor,Collector Bricks,1018.jpg
Annual Pass 55,2014,LEGOLAND Windsor,Collector Bricks,1019.jpg
Annual Pass 60,2014,LEGOLAND Windsor,Collector Bricks,1020.jpg
Annual Pass 25,2013,LEGOLAND Windsor,Collector Bricks,56.jpg
Annual Pass 30,2013,LEGOLAND Windsor,Collector Bricks,1021.jpg
Annual Pass 35,2013,LEGOLAND Windsor,Collector Bricks,1022.jpg
Annual Pass 40,2013,LEGOLAND Windsor,Collector Bricks,57.jpg
Annual Pass 5,2012,LEGOLAND Windsor,Collector Bricks,58.jpg
Annual Pass 10,2012,LEGOLAND Windsor,Collector Bricks,59.jpg
Annual Pass 15,2012,LEGOLAND Windsor,Collector Bricks,60.jpg
Annual Pass 20,2012,LEGOLAND Windsor,Collector Bricks,1023.jpg
Best,2012,LEGOLAND Windsor,Collector Bricks,1024.jpg
Friends,2012,LEGOLAND Windsor,Collector Bricks,1025.jpg
Amazing Machines,2011,LEGOLAND Windsor,Collector Bricks,61.jpg
Fireworks,2011,LEGOLAND Windsor,Collector Bricks,1026.jpg
Happy 15th Birthday,2011,LEGOLAND Windsor,Collector Bricks,62.jpg
LEGOLAND Live,2011,LEGOLAND Windsor,Collector Bricks,1027.jpg
Star Wars After Dark,2011,LEGOLAND Windsor,Collector Bricks,1028.jpg
Alien Conquest,2011,LEGOLAND Windsor,Collector Bricks,1029.jpg
Dice,2011,LEGOLAND Windsor,Collector Bricks,1030.jpg
LEGO City,2011,LEGOLAND Windsor,Collector Bricks,1031.jpg
Ninjago,2011,LEGOLAND Windsor,Collector Bricks,1032.jpg
After Dark,2010,LEGOLAND Windsor,Collector Bricks,63.jpg
Amazing Machines,2010,LEGOLAND Windsor,Collector Bricks,64.jpg
Festival of Imagination,2010,LEGOLAND Windsor,Collector Bricks,1033.jpg
LEGOLAND Live,2010,LEGOLAND Windsor,Collector Bricks,65.jpg
My Holiday,2010,LEGOLAND Windsor,Collector Bricks,1034.jpg
Pirates Landing,2010,LEGOLAND Windsor,Collector Bricks,1035.jpg
Wizards Fireworks,2010,LEGOLAND Windsor,Collector Bricks,1036.jpg
After Dark,2009,LEGOLAND Windsor,Collector Bricks,1037.jpg
Amazing Machines,2009,LEGOLAND Windsor,Collector Bricks,66.jpg
Indiana Jones,2009,LEGOLAND Windsor,Collector Bricks,67.jpg
Kingdom of Pharaohs,2009,LEGOLAND Windsor,Collector Bricks,68.jpg
LEGOLAND Live,2009,LEGOLAND Windsor,Collector Bricks,1038.jpg
Amazing Machines,2009,LEGOLAND Windsor,Collector Bricks,1039.jpg
Indiana Jones,2009,LEGOLAND Windsor,Collector Bricks,69.jpg
Star Wars Fireworks,2009,LEGOLAND Windsor,Collector Bricks,70.jpg
Gruffalo and Friends,2017,Chessington,Pin Badge,1040.jpg
Adventure Tree,2017,Chessington,Pin Badge,1041.jpg
Azteca Hotel,2017,Chessington,Pin Badge,1042.jpg
Chessington Logo,2017,Chessington,Pin Badge,1043.jpg
Conservation Fund,2017,Chessington,Pin Badge,1044.jpg
Dragon Falls,2017,Chessington,Pin Badge,1045.jpg
Dragon's Fury,2017,Chessington,Pin Badge,1046.jpg
Gruffalo River Ride,2017,Chessington,Pin Badge,1047.jpg
Kobra,2017,Chessington,Pin Badge,1048.jpg
Safari Hotel,2017,Chessington,Pin Badge,1049.jpg
Scorpion Express,2017,Chessington,Pin Badge,1050.jpg
Tomb Blaster,2017,Chessington,Pin Badge,1051.jpg
Vampire,2017,Chessington,Pin Badge,1052.jpg
Bubbleworks,2016,Chessington,Pin Badge,1053.jpg
Chessington Logo,2016,Chessington,Pin Badge,1054.jpg
Dragon Falls,2016,Chessington,Pin Badge,1055.jpg
Dragon's Fury,2016,Chessington,Pin Badge,1056.jpg
Kobra,2016,Chessington,Pin Badge,1057.jpg
Scorpion Express,2016,Chessington,Pin Badge,1058.jpg
Vampire,2016,Chessington,Pin Badge,1059.jpg
