Batman,2017,LEGOLAND Windsor,Pop Badge,./seed_images/71.jpg
Joker,2017,LEGOLAND Windsor,Pop Badge,./seed_images/1.jpg
Robin,2017,LEGOLAND Windsor,Pop Badge,./seed_images/72.jpg
Babysitter,2017,LEGOLAND Windsor,Pop Badge,./seed_images/73.jpg
Banana Guy,2017,LEGOLAND Windsor,Pop Badge,./seed_images/2.jpg
Clumsy Guy,2017,LEGOLAND Windsor,Pop Badge,./seed_images/74.jpg
Computer Programmer,2017,LEGOLAND Windsor,Pop Badge,./seed_images/3.jpg
Cowgirl,2017,LEGOLAND Windsor,Pop Badge,./seed_images/75.jpg
Cyborg,2017,LEGOLAND Windsor,Pop Badge,./seed_images/4.jpg
Dog Show Winner,2017,LEGOLAND Windsor,Pop Badge,./seed_images/5.jpg
Gnome,2017,LEGOLAND Windsor,Pop Badge,./seed_images/6.jpg
Batman,2017,LEGOLAND Windsor,Pop Badge,./seed_images/76.jpg
Joker,2017,LEGOLAND Windsor,Pop Badge,./seed_images/1.jpg
Robin,2017,LEGOLAND Windsor,Pop Badge,./seed_images/77.jpg
Babysitter,2017,LEGOLAND Windsor,Pop Badge,./seed_images/78.jpg
Banana Guy,2017,LEGOLAND Windsor,Pop Badge,./seed_images/2.jpg
Clumsy Guy,2017,LEGOLAND Windsor,Pop Badge,./seed_images/79.jpg
Computer Programmer,2017,LEGOLAND Windsor,Pop Badge,./seed_images/3.jpg
Cowgirl,2017,LEGOLAND Windsor,Pop Badge,./seed_images/80.jpg
Cyborg,2017,LEGOLAND Windsor,Pop Badge,./seed_images/4.jpg
Dog Show Winner,2017,LEGOLAND Windsor,Pop Badge,./seed_images/5.jpg
Gnome,2017,LEGOLAND Windsor,Pop Badge,./seed_images/6.jpg
Hiker,2017,LEGOLAND Windsor,Pop Badge,./seed_images/7.jpg
Hippie,2017,LEGOLAND Windsor,Pop Badge,./seed_images/81.jpg
Hula Dancer,2017,LEGOLAND Windsor,Pop Badge,./seed_images/8.jpg
Penguin Boy,2017,LEGOLAND Windsor,Pop Badge,./seed_images/9.jpg
Pretzel Girl,2017,LEGOLAND Windsor,Pop Badge,./seed_images/10.jpg
Sea Captain,2017,LEGOLAND Windsor,Pop Badge,./seed_images/82.jpg
Shark Suit Guy,2017,LEGOLAND Windsor,Pop Badge,./seed_images/11.jpg
Sherriff,2017,LEGOLAND Windsor,Pop Badge,./seed_images/12.jpg
Snake Charmer,2017,LEGOLAND Windsor,Pop Badge,./seed_images/13.jpg
School,2017,LEGOLAND Windsor,Pop Badge,./seed_images/14.jpg
Egyptian Warrior,2017,LEGOLAND Windsor,Pop Badge,./seed_images/15.jpg
Mia and Stephanie,2017,LEGOLAND Windsor,Pop Badge,./seed_images/83.jpg
Scallywag Pirate,2017,LEGOLAND Windsor,Pop Badge,./seed_images/16.jpg
Castle Dragon,2017,LEGOLAND Windsor,Pop Badge,./seed_images/84.jpg
King,2017,LEGOLAND Windsor,Pop Badge,./seed_images/17.jpg
Knight Girl,2017,LEGOLAND Windsor,Pop Badge,./seed_images/18.jpg
Castle Hotel Wizard,2017,LEGOLAND Windsor,Pop Badge,./seed_images/19.jpg
Castle Knight Boy,2017,LEGOLAND Windsor,Pop Badge,./seed_images/20.jpg
Castle Knight Girl,2017,LEGOLAND Windsor,Pop Badge,./seed_images/85.jpg
Support Stay & Play,2017,LEGOLAND Windsor,Pop Badge,./seed_images/21.jpg
Easter,2017,LEGOLAND Windsor,Pop Badge,./seed_images/22.jpg
Nadakhan,2017,LEGOLAND Windsor,Pop Badge,./seed_images/23.jpg
Sensei Wu,2017,LEGOLAND Windsor,Pop Badge,./seed_images/86.jpg
Zane,2017,LEGOLAND Windsor,Pop Badge,./seed_images/24.jpg
Shopper,2017,LEGOLAND Windsor,Pop Badge,./seed_images/25.jpg
Team Turtle,2017,LEGOLAND Windsor,Pop Badge,./seed_images/26.jpg
Classic King,2016,LEGOLAND Windsor,Pop Badge,./seed_images/27.jpg
Cleopatra,2016,LEGOLAND Windsor,Pop Badge,./seed_images/28.jpg
Diner Waitress,2016,LEGOLAND Windsor,Pop Badge,./seed_images/87.jpg
Fairytale Princess,2016,LEGOLAND Windsor,Pop Badge,./seed_images/29.jpg
Hot Dog Man,2016,LEGOLAND Windsor,Pop Badge,./seed_images/88.jpg
Lady Robot,2016,LEGOLAND Windsor,Pop Badge,./seed_images/89.jpg
Larry the Barista,2016,LEGOLAND Windsor,Pop Badge,./seed_images/90.jpg
Panda Guy,2016,LEGOLAND Windsor,Pop Badge,./seed_images/91.jpg
Pizza Delivery Man,2016,LEGOLAND Windsor,Pop Badge,./seed_images/92.jpg
Scientist,2016,LEGOLAND Windsor,Pop Badge,./seed_images/93.jpg
Skydiver,2016,LEGOLAND Windsor,Pop Badge,./seed_images/94.jpg
Swashbuckler,2016,LEGOLAND Windsor,Pop Badge,./seed_images/95.jpg
Taco Tuesday Man,2016,LEGOLAND Windsor,Pop Badge,./seed_images/96.jpg
Tiger Girl,2016,LEGOLAND Windsor,Pop Badge,./seed_images/97.jpg
Unicorn Girl,2016,LEGOLAND Windsor,Pop Badge,./seed_images/98.jpg
Waiter,2016,LEGOLAND Windsor,Pop Badge,./seed_images/99.jpg
Chocolate Bunny,2016,LEGOLAND Windsor,Pop Badge,./seed_images/100.jpg
Cow,2016,LEGOLAND Windsor,Pop Badge,./seed_images/101.jpg
Farmer Joe,2016,LEGOLAND Windsor,Pop Badge,./seed_images/102.jpg
20th Birthday,2016,LEGOLAND Windsor,Pop Badge,./seed_images/103.jpg
Sleepover,2016,LEGOLAND Windsor,Pop Badge,./seed_images/104.jpg
Lance,2016,LEGOLAND Windsor,Pop Badge,./seed_images/105.jpg
Macy,2016,LEGOLAND Windsor,Pop Badge,./seed_images/106.jpg
Merlok 2.0,2016,LEGOLAND Windsor,Pop Badge,./seed_images/107.jpg
Nya,2016,LEGOLAND Windsor,Pop Badge,./seed_images/108.jpg
Sensei Wu,2016,LEGOLAND Windsor,Pop Badge,./seed_images/109.jpg
Scribble Face Bad Cop,2016,LEGOLAND Windsor,Pop Badge,./seed_images/110.jpg
Hotel Adventurers,2016,LEGOLAND Windsor,Pop Badge,./seed_images/111.jpg
Hotel Friends,2016,LEGOLAND Windsor,Pop Badge,./seed_images/112.jpg
Hotel Pirates,2016,LEGOLAND Windsor,Pop Badge,./seed_images/113.jpg
Group,2016,LEGOLAND Windsor,Pop Badge,./seed_images/114.jpg
School,2016,LEGOLAND Windsor,Pop Badge,./seed_images/115.jpg
Book of Monsters,2016,LEGOLAND Windsor,Pop Badge,./seed_images/116.jpg
Jestro ,2016,LEGOLAND Windsor,Pop Badge,./seed_images/117.jpg
Monster Scientist,2016,LEGOLAND Windsor,Pop Badge,./seed_images/118.jpg
Wacky Witch,2016,LEGOLAND Windsor,Pop Badge,./seed_images/119.jpg
Premium Seating,2016,LEGOLAND Windsor,Pop Badge,./seed_images/120.jpg
Royal Guard,2016,LEGOLAND Windsor,Pop Badge,./seed_images/121.jpg
Elf,2016,LEGOLAND Windsor,Pop Badge,./seed_images/122.jpg
Yeti,2016,LEGOLAND Windsor,Pop Badge,./seed_images/123.jpg
Bumblebee Girl,2015,LEGOLAND Windsor,Pop Badge,./seed_images/124.jpg
Constable,2015,LEGOLAND Windsor,Pop Badge,./seed_images/125.jpg
Diver,2015,LEGOLAND Windsor,Pop Badge,./seed_images/30.jpg
Firefighter,2015,LEGOLAND Windsor,Pop Badge,./seed_images/31.jpg
Genie Girl,2015,LEGOLAND Windsor,Pop Badge,./seed_images/126.jpg
Piggy Guy,2015,LEGOLAND Windsor,Pop Badge,./seed_images/127.jpg
Prospector,2015,LEGOLAND Windsor,Pop Badge,./seed_images/128.jpg
Bella,2015,LEGOLAND Windsor,Pop Badge,./seed_images/129.jpg
Biscuit,2015,LEGOLAND Windsor,Pop Badge,./seed_images/130.jpg
Bubbles,2015,LEGOLAND Windsor,Pop Badge,./seed_images/131.jpg
Scarlett,2015,LEGOLAND Windsor,Pop Badge,./seed_images/132.jpg
Andrea,2015,LEGOLAND Windsor,Pop Badge,./seed_images/133.jpg
Emma,2015,LEGOLAND Windsor,Pop Badge,./seed_images/134.jpg
Mia,2015,LEGOLAND Windsor,Pop Badge,./seed_images/135.jpg
Olivia,2015,LEGOLAND Windsor,Pop Badge,./seed_images/136.jpg
Stephanie,2015,LEGOLAND Windsor,Pop Badge,./seed_images/137.jpg
Hotel Adventurers,2015,LEGOLAND Windsor,Pop Badge,./seed_images/138.jpg
Hotel Friends,2015,LEGOLAND Windsor,Pop Badge,./seed_images/139.jpg
Hotel Knights,2015,LEGOLAND Windsor,Pop Badge,./seed_images/140.jpg
Hotel Pirates,2015,LEGOLAND Windsor,Pop Badge,./seed_images/141.jpg
Group,2015,LEGOLAND Windsor,Pop Badge,./seed_images/142.jpg
School,2015,LEGOLAND Windsor,Pop Badge,./seed_images/143.jpg
Easter Bunny,2015,LEGOLAND Windsor,Pop Badge,./seed_images/144.jpg
Benny,2015,LEGOLAND Windsor,Pop Badge,./seed_images/145.jpg
Construction Worker,2015,LEGOLAND Windsor,Pop Badge,./seed_images/146.jpg
Unikitty,2015,LEGOLAND Windsor,Pop Badge,./seed_images/147.jpg
Jester,2015,LEGOLAND Windsor,Pop Badge,./seed_images/148.jpg
Cole,2015,LEGOLAND Windsor,Pop Badge,./seed_images/149.jpg
Jay,2015,LEGOLAND Windsor,Pop Badge,./seed_images/150.jpg
Kai,2015,LEGOLAND Windsor,Pop Badge,./seed_images/151.jpg
Lloyd,2015,LEGOLAND Windsor,Pop Badge,./seed_images/152.jpg
Morro and Dragon,2015,LEGOLAND Windsor,Pop Badge,./seed_images/153.jpg
Premium Seating,2015,LEGOLAND Windsor,Pop Badge,./seed_images/154.jpg
Emmet,2014,LEGOLAND Windsor,Pop Badge,./seed_images/155.jpg
President Business,2014,LEGOLAND Windsor,Pop Badge,./seed_images/32.jpg
Wyldstyle,2014,LEGOLAND Windsor,Pop Badge,./seed_images/33.jpg
Chicken Suit Guy,2014,LEGOLAND Windsor,Pop Badge,./seed_images/34.jpg
Gingerbread Man,2014,LEGOLAND Windsor,Pop Badge,./seed_images/156.jpg
Grandma,2014,LEGOLAND Windsor,Pop Badge,./seed_images/157.jpg
Grandpa,2014,LEGOLAND Windsor,Pop Badge,./seed_images/158.jpg
Mermaid,2014,LEGOLAND Windsor,Pop Badge,./seed_images/159.jpg
Trendsetter,2014,LEGOLAND Windsor,Pop Badge,./seed_images/160.jpg
Zookeeper,2014,LEGOLAND Windsor,Pop Badge,./seed_images/161.jpg
Lady Pirate,2014,LEGOLAND Windsor,Pop Badge,./seed_images/162.jpg
Melvin the Monkey,2014,LEGOLAND Windsor,Pop Badge,./seed_images/163.jpg
Pirate Captain,2014,LEGOLAND Windsor,Pop Badge,./seed_images/164.jpg
Pirate Pete,2014,LEGOLAND Windsor,Pop Badge,./seed_images/165.jpg
Shipmate,2014,LEGOLAND Windsor,Pop Badge,./seed_images/166.jpg
Crocodile,2014,LEGOLAND Windsor,Pop Badge,./seed_images/167.jpg
Lion Cub,2014,LEGOLAND Windsor,Pop Badge,./seed_images/168.jpg
Ostrich,2014,LEGOLAND Windsor,Pop Badge,./seed_images/169.jpg
Group,2014,LEGOLAND Windsor,Pop Badge,./seed_images/170.jpg
School,2014,LEGOLAND Windsor,Pop Badge,./seed_images/171.jpg
R2D2,2014,LEGOLAND Windsor,Pop Badge,./seed_images/172.jpg
Hotel Adventurers,2014,LEGOLAND Windsor,Pop Badge,./seed_images/173.jpg
Hotel Knights,2014,LEGOLAND Windsor,Pop Badge,./seed_images/174.jpg
Hotel Pirates,2014,LEGOLAND Windsor,Pop Badge,./seed_images/175.jpg
Emmet Is Awesome,2014,LEGOLAND Windsor,Pop Badge,./seed_images/176.jpg
Legoland Is Awesome,2014,LEGOLAND Windsor,Pop Badge,./seed_images/177.jpg
Miniland Is Awesome,2014,LEGOLAND Windsor,Pop Badge,./seed_images/178.jpg
You Are Awesome,2014,LEGOLAND Windsor,Pop Badge,./seed_images/179.jpg
Pumpkin,2014,LEGOLAND Windsor,Pop Badge,./seed_images/180.jpg
Scarecrow,2014,LEGOLAND Windsor,Pop Badge,./seed_images/181.jpg
Skeleton,2014,LEGOLAND Windsor,Pop Badge,./seed_images/182.jpg
Vampire Bat,2014,LEGOLAND Windsor,Pop Badge,./seed_images/183.jpg
Werewolf,2014,LEGOLAND Windsor,Pop Badge,./seed_images/184.jpg
Elf,2014,LEGOLAND Windsor,Pop Badge,./seed_images/185.jpg
Santa,2014,LEGOLAND Windsor,Pop Badge,./seed_images/186.jpg
Ice Cream,2014,LEGOLAND Windsor,Pop Badge,./seed_images/187.jpg
Swap Me,2014,LEGOLAND Windsor,Pop Badge,./seed_images/188.jpg
Cragger,2013,LEGOLAND Windsor,Pop Badge,./seed_images/189.jpg
Eris,2013,LEGOLAND Windsor,Pop Badge,./seed_images/35.jpg
Laval ,2013,LEGOLAND Windsor,Pop Badge,./seed_images/190.jpg
Daredevil,2013,LEGOLAND Windsor,Pop Badge,./seed_images/36.jpg
Fairy,2013,LEGOLAND Windsor,Pop Badge,./seed_images/191.jpg
Snowboarder,2013,LEGOLAND Windsor,Pop Badge,./seed_images/192.jpg
Duplo Elephant,2013,LEGOLAND Windsor,Pop Badge,./seed_images/193.jpg
Duplo Giraffe,2013,LEGOLAND Windsor,Pop Badge,./seed_images/194.jpg
Polar Bear,2013,LEGOLAND Windsor,Pop Badge,./seed_images/195.jpg
Group,2013,LEGOLAND Windsor,Pop Badge,./seed_images/196.jpg
Hotl  Adventurers,2013,LEGOLAND Windsor,Pop Badge,./seed_images/197.jpg
Hotel Knights,2013,LEGOLAND Windsor,Pop Badge,./seed_images/198.jpg
Hotel Pirates,2013,LEGOLAND Windsor,Pop Badge,./seed_images/199.jpg
Donatello,2013,LEGOLAND Windsor,Pop Badge,./seed_images/200.jpg
Leonardo,2013,LEGOLAND Windsor,Pop Badge,./seed_images/201.jpg
Michelangelo,2013,LEGOLAND Windsor,Pop Badge,./seed_images/202.jpg
Raphael,2013,LEGOLAND Windsor,Pop Badge,./seed_images/203.jpg
Rainy Day,2013,LEGOLAND Windsor,Pop Badge,./seed_images/204.jpg
Surfer Brad,2013,LEGOLAND Windsor,Pop Badge,./seed_images/205.jpg
Weathergirl Wendy,2013,LEGOLAND Windsor,Pop Badge,./seed_images/206.jpg
Windy Day,2013,LEGOLAND Windsor,Pop Badge,./seed_images/207.jpg
Dr Splitz,2013,LEGOLAND Windsor,Pop Badge,./seed_images/208.jpg
Frankie,2013,LEGOLAND Windsor,Pop Badge,./seed_images/209.jpg
Ghost,2013,LEGOLAND Windsor,Pop Badge,./seed_images/210.jpg
Lady Vampire,2013,LEGOLAND Windsor,Pop Badge,./seed_images/211.jpg
The Mummy,2013,LEGOLAND Windsor,Pop Badge,./seed_images/212.jpg
Big Build,2013,LEGOLAND Windsor,Pop Badge,./seed_images/213.jpg
Qbot,2013,LEGOLAND Windsor,Pop Badge,./seed_images/214.jpg
Baguette Bar,2012,LEGOLAND Windsor,Pop Badge,./seed_images/37.jpg
Crossed Ribs,2012,LEGOLAND Windsor,Pop Badge,./seed_images/215.jpg
Duplo Restaurant,2012,LEGOLAND Windsor,Pop Badge,./seed_images/216.jpg
Knights Table,2012,LEGOLAND Windsor,Pop Badge,./seed_images/38.jpg
Pizza & Pasta,2012,LEGOLAND Windsor,Pop Badge,./seed_images/217.jpg
Ace Speedman,2012,LEGOLAND Windsor,Pop Badge,./seed_images/218.jpg
Driver,2012,LEGOLAND Windsor,Pop Badge,./seed_images/219.jpg
School,2012,LEGOLAND Windsor,Pop Badge,./seed_images/220.jpg
Hotel Adventurers,2012,LEGOLAND Windsor,Pop Badge,./seed_images/221.jpg
Hotel Knights,2012,LEGOLAND Windsor,Pop Badge,./seed_images/222.jpg
Hotel Pirates,2012,LEGOLAND Windsor,Pop Badge,./seed_images/223.jpg
C3PO,2012,LEGOLAND Windsor,Pop Badge,./seed_images/224.jpg
Darth Maul,2012,LEGOLAND Windsor,Pop Badge,./seed_images/225.jpg
Leia,2012,LEGOLAND Windsor,Pop Badge,./seed_images/226.jpg
Batman,2012,LEGOLAND Windsor,Pop Badge,./seed_images/227.jpg
Wonderwoman,2012,LEGOLAND Windsor,Pop Badge,./seed_images/228.jpg
Rodney Rathbone,2012,LEGOLAND Windsor,Pop Badge,./seed_images/229.jpg
Witch,2012,LEGOLAND Windsor,Pop Badge,./seed_images/230.jpg
Wizard,2012,LEGOLAND Windsor,Pop Badge,./seed_images/231.jpg
Boxer,2012,LEGOLAND Windsor,Pop Badge,./seed_images/232.jpg
Ice Skater,2012,LEGOLAND Windsor,Pop Badge,./seed_images/233.jpg
Runner,2012,LEGOLAND Windsor,Pop Badge,./seed_images/234.jpg
Celebration,2012,LEGOLAND Windsor,Pop Badge,./seed_images/235.jpg
Qbot,2012,LEGOLAND Windsor,Pop Badge,./seed_images/236.jpg
Pizza Chef,2011,LEGOLAND Windsor,Pop Badge,./seed_images/237.jpg
Tomato Chef,2011,LEGOLAND Windsor,Pop Badge,./seed_images/39.jpg
Cheerleader,2011,LEGOLAND Windsor,Pop Badge,./seed_images/238.jpg
Demolition Dummy,2011,LEGOLAND Windsor,Pop Badge,./seed_images/40.jpg
Disco Man,2011,LEGOLAND Windsor,Pop Badge,./seed_images/239.jpg
Gladiator,2011,LEGOLAND Windsor,Pop Badge,./seed_images/240.jpg
Karate Master,2011,LEGOLAND Windsor,Pop Badge,./seed_images/241.jpg
Lifeguard,2011,LEGOLAND Windsor,Pop Badge,./seed_images/242.jpg
Mermaid,2011,LEGOLAND Windsor,Pop Badge,./seed_images/243.jpg
Mexican,2011,LEGOLAND Windsor,Pop Badge,./seed_images/244.jpg
Ringmaster,2011,LEGOLAND Windsor,Pop Badge,./seed_images/245.jpg
Singer,2011,LEGOLAND Windsor,Pop Badge,./seed_images/246.jpg
Skater Boy,2011,LEGOLAND Windsor,Pop Badge,./seed_images/247.jpg
Skier,2011,LEGOLAND Windsor,Pop Badge,./seed_images/248.jpg
Wrestler,2011,LEGOLAND Windsor,Pop Badge,./seed_images/249.jpg
Divers Wanted,2011,LEGOLAND Windsor,Pop Badge,./seed_images/250.jpg
Manta Warrior,2011,LEGOLAND Windsor,Pop Badge,./seed_images/251.jpg
SQUID Logo,2011,LEGOLAND Windsor,Pop Badge,./seed_images/252.jpg
Shark Boy,2011,LEGOLAND Windsor,Pop Badge,./seed_images/253.jpg
Squid Warrior,2011,LEGOLAND Windsor,Pop Badge,./seed_images/254.jpg
Yoda,2011,LEGOLAND Windsor,Pop Badge,./seed_images/255.jpg
Vampire,2011,LEGOLAND Windsor,Pop Badge,./seed_images/256.jpg
15th Birthday,2011,LEGOLAND Windsor,Pop Badge,./seed_images/257.jpg
Annual Pass Andy,2011,LEGOLAND Windsor,Pop Badge,./seed_images/258.jpg
Gold,2011,LEGOLAND Windsor,Pop Badge,./seed_images/259.jpg
Qbot,2011,LEGOLAND Windsor,Pop Badge,./seed_images/260.jpg
Royal Wedding,2011,LEGOLAND Windsor,Pop Badge,./seed_images/261.jpg
Caveman,2010,LEGOLAND Windsor,Pop Badge,./seed_images/41.jpg
Clown,2010,LEGOLAND Windsor,Pop Badge,./seed_images/42.jpg
Cowboy,2010,LEGOLAND Windsor,Pop Badge,./seed_images/43.jpg
Diver,2010,LEGOLAND Windsor,Pop Badge,./seed_images/44.jpg
Forest Man,2010,LEGOLAND Windsor,Pop Badge,./seed_images/262.jpg
Magician,2010,LEGOLAND Windsor,Pop Badge,./seed_images/263.jpg
Ninja,2010,LEGOLAND Windsor,Pop Badge,./seed_images/264.jpg
Nurse,2010,LEGOLAND Windsor,Pop Badge,./seed_images/265.jpg
Robot,2010,LEGOLAND Windsor,Pop Badge,./seed_images/266.jpg
Spaceman,2010,LEGOLAND Windsor,Pop Badge,./seed_images/267.jpg
Zombie,2010,LEGOLAND Windsor,Pop Badge,./seed_images/268.jpg
Ben 10,2010,LEGOLAND Windsor,Pop Badge,./seed_images/269.jpg
Vampire,2010,LEGOLAND Windsor,Pop Badge,./seed_images/270.jpg
Witch,2010,LEGOLAND Windsor,Pop Badge,./seed_images/271.jpg
Qbot,2010,LEGOLAND Windsor,Pop Badge,./seed_images/272.jpg
Aero Nomad,2010,LEGOLAND Windsor,Pop Badge,./seed_images/273.jpg
Dino Dipper,2010,LEGOLAND Windsor,Pop Badge,./seed_images/274.jpg
Fairy Tale Brook,2010,LEGOLAND Windsor,Pop Badge,./seed_images/275.jpg
Jolly Rocker,2010,LEGOLAND Windsor,Pop Badge,./seed_images/276.jpg
Ride Champ,2010,LEGOLAND Windsor,Pop Badge,./seed_images/277.jpg
Rocket Racers,2010,LEGOLAND Windsor,Pop Badge,./seed_images/278.jpg
Scarab Bouncers,2010,LEGOLAND Windsor,Pop Badge,./seed_images/279.jpg
Spinning Spider,2010,LEGOLAND Windsor,Pop Badge,./seed_images/280.jpg
Gold,2010,LEGOLAND Windsor,Pop Badge,./seed_images/281.jpg
Dr Kilroy,2009,LEGOLAND Windsor,Pop Badge,./seed_images/45.jpg
Inventor,2009,LEGOLAND Windsor,Pop Badge,./seed_images/46.jpg
Johnny Thunder,2009,LEGOLAND Windsor,Pop Badge,./seed_images/47.jpg
Pippin Reed,2009,LEGOLAND Windsor,Pop Badge,./seed_images/48.jpg
Policewoman,2009,LEGOLAND Windsor,Pop Badge,./seed_images/282.jpg
Princess,2009,LEGOLAND Windsor,Pop Badge,./seed_images/283.jpg
Red Knight,2009,LEGOLAND Windsor,Pop Badge,./seed_images/284.jpg
Sailor,2009,LEGOLAND Windsor,Pop Badge,./seed_images/285.jpg
Skeleton,2009,LEGOLAND Windsor,Pop Badge,./seed_images/286.jpg
Sphinx,2009,LEGOLAND Windsor,Pop Badge,./seed_images/287.jpg
Viking,2009,LEGOLAND Windsor,Pop Badge,./seed_images/288.jpg
Give Me a Wave,2009,LEGOLAND Windsor,Pop Badge,./seed_images/289.jpg
I'm Collecting Happy Smiles,2009,LEGOLAND Windsor,Pop Badge,./seed_images/290.jpg
I'm Collecting Hi Fives,2009,LEGOLAND Windsor,Pop Badge,./seed_images/291.jpg
I'm Collecting High Fives,2009,LEGOLAND Windsor,Pop Badge,./seed_images/292.jpg
Make Me Laugh,2009,LEGOLAND Windsor,Pop Badge,./seed_images/293.jpg
Pull a Silly Face,2009,LEGOLAND Windsor,Pop Badge,./seed_images/294.jpg
Sing Me a Song,2009,LEGOLAND Windsor,Pop Badge,./seed_images/295.jpg
Tell Me a Funny Joke,2009,LEGOLAND Windsor,Pop Badge,./seed_images/296.jpg
Gold,2009,LEGOLAND Windsor,Pop Badge,./seed_images/297.jpg
Adventurers Wanted,2008,LEGOLAND Windsor,Pop Badge,./seed_images/49.jpg
Astronauts Wanted,2008,LEGOLAND Windsor,Pop Badge,./seed_images/50.jpg
Drivers Wanted,2008,LEGOLAND Windsor,Pop Badge,./seed_images/51.jpg
Explorers Wanted,2008,LEGOLAND Windsor,Pop Badge,./seed_images/52.jpg
Firefighters Wanted,2008,LEGOLAND Windsor,Pop Badge,./seed_images/298.jpg
Inventors Wanted,2008,LEGOLAND Windsor,Pop Badge,./seed_images/299.jpg
Knights Wanted,2008,LEGOLAND Windsor,Pop Badge,./seed_images/300.jpg
Pirates Wanted,2008,LEGOLAND Windsor,Pop Badge,./seed_images/301.jpg
Police Wanted,2008,LEGOLAND Windsor,Pop Badge,./seed_images/302.jpg
Vikings Wanted,2008,LEGOLAND Windsor,Pop Badge,./seed_images/303.jpg
Viking Festival Picture,2008,LEGOLAND Windsor,Pop Badge,./seed_images/304.jpg
Viking Festival Words,2008,LEGOLAND Windsor,Pop Badge,./seed_images/305.jpg
Smiley Builder,2008,LEGOLAND Windsor,Pop Badge,./seed_images/306.jpg
Smiley Fireman,2008,LEGOLAND Windsor,Pop Badge,./seed_images/307.jpg
Smiley Police,2008,LEGOLAND Windsor,Pop Badge,./seed_images/308.jpg
Smiley Racing Driver Red Stars,2008,LEGOLAND Windsor,Pop Badge,./seed_images/309.jpg
Smiley Racing Driver,2008,LEGOLAND Windsor,Pop Badge,./seed_images/310.jpg
Smiley White Hat,2008,LEGOLAND Windsor,Pop Badge,./seed_images/311.jpg
Smiley White Hat/Glasses,2008,LEGOLAND Windsor,Pop Badge,./seed_images/312.jpg
Gold,2008,LEGOLAND Windsor,Pop Badge,./seed_images/313.jpg
My Year Of Fun At Chessington,2017,Chessington World of Adventures,Pop Badge,./seed_images/314.jpg
Glamping,2017,Chessington World of Adventures,Pop Badge,./seed_images/315.jpg
African Adventure,2017,Chessington World of Adventures,Pop Badge,./seed_images/316.jpg
Azteca Discovery,2017,Chessington World of Adventures,Pop Badge,./seed_images/317.jpg
Azteca Temple Summit,2017,Chessington World of Adventures,Pop Badge,./seed_images/318.jpg
Azteca Temple Treasure,2017,Chessington World of Adventures,Pop Badge,./seed_images/319.jpg
Gentle Lemurs,2017,Chessington World of Adventures,Pop Badge,./seed_images/320.jpg
Giraffe Bedroom,2017,Chessington World of Adventures,Pop Badge,./seed_images/321.jpg
Meerkat Bedroom,2017,Chessington World of Adventures,Pop Badge,./seed_images/322.jpg
Project Crumble Bedroom,2017,Chessington World of Adventures,Pop Badge,./seed_images/323.jpg
Zebra Bedroom,2017,Chessington World of Adventures,Pop Badge,./seed_images/324.jpg
Sebastian Iguana,2017,Chessington World of Adventures,Pop Badge,./seed_images/325.jpg
Squirrel Monkeys,2017,Chessington World of Adventures,Pop Badge,./seed_images/326.jpg
Eland,2017,Chessington World of Adventures,Pop Badge,./seed_images/327.jpg
Giraffe,2017,Chessington World of Adventures,Pop Badge,./seed_images/328.jpg
Giraffe,2017,Chessington World of Adventures,Pop Badge,./seed_images/329.jpg
Gorilla,2017,Chessington World of Adventures,Pop Badge,./seed_images/330.jpg
Kamal,2017,Chessington World of Adventures,Pop Badge,./seed_images/331.jpg
Lion Cub,2017,Chessington World of Adventures,Pop Badge,./seed_images/332.jpg
Otter,2017,Chessington World of Adventures,Pop Badge,./seed_images/333.jpg
Penguin,2017,Chessington World of Adventures,Pop Badge,./seed_images/334.jpg
Rani,2017,Chessington World of Adventures,Pop Badge,./seed_images/335.jpg
Reindeer,2017,Chessington World of Adventures,Pop Badge,./seed_images/336.jpg
Tiger,2017,Chessington World of Adventures,Pop Badge,./seed_images/337.jpg
Gruffalo,2017,Chessington World of Adventures,Pop Badge,./seed_images/338.jpg
Gruffalo Fox,2017,Chessington World of Adventures,Pop Badge,./seed_images/339.jpg
Gruffalo Mouse,2017,Chessington World of Adventures,Pop Badge,./seed_images/340.jpg
Gruffalo Owl,2017,Chessington World of Adventures,Pop Badge,./seed_images/341.jpg
Gruffalo Ride,2017,Chessington World of Adventures,Pop Badge,./seed_images/342.jpg
Gruffalo Room,2017,Chessington World of Adventures,Pop Badge,./seed_images/343.jpg
Gruffalo Snake,2017,Chessington World of Adventures,Pop Badge,./seed_images/344.jpg
Adventure Tree,2017,Chessington World of Adventures,Pop Badge,./seed_images/345.jpg
Dragon River,2017,Chessington World of Adventures,Pop Badge,./seed_images/346.jpg
Runaway Train,2017,Chessington World of Adventures,Pop Badge,./seed_images/347.jpg
Terror Tomb,2017,Chessington World of Adventures,Pop Badge,./seed_images/348.jpg
Gold,2017,Chessington World of Adventures,Pop Badge,./seed_images/349.jpg
VIP,2017,Chessington World of Adventures,Pop Badge,./seed_images/350.jpg
It's My Birthday,2017,Chessington World of Adventures,Pop Badge,./seed_images/351.jpg
Roar Like a Lion,2017,Chessington World of Adventures,Pop Badge,./seed_images/352.jpg
Rosie the Owl,2017,Chessington World of Adventures,Pop Badge,./seed_images/353.jpg
What the Ladybird Heard,2017,Chessington World of Adventures,Pop Badge,./seed_images/354.jpg
Azteca Hotel,2017 Reprints,Chessington World of Adventures,Pop Badge,./seed_images/355.jpg
Azteca Hotel Piranhas,2017 Reprints,Chessington World of Adventures,Pop Badge,./seed_images/356.jpg
Capybara,2017 Reprints,Chessington World of Adventures,Pop Badge,./seed_images/357.jpg
Dragon Falls,2017 Reprints,Chessington World of Adventures,Pop Badge,./seed_images/358.jpg
Dragons Fury,2017 Reprints,Chessington World of Adventures,Pop Badge,./seed_images/359.jpg
Glamping Lorikeets,2017 Reprints,Chessington World of Adventures,Pop Badge,./seed_images/360.jpg
Go Ape,2017 Reprints,Chessington World of Adventures,Pop Badge,./seed_images/361.jpg
Gorilla Picking Nose,2017 Reprints,Chessington World of Adventures,Pop Badge,./seed_images/362.jpg
Ostrich,2017 Reprints,Chessington World of Adventures,Pop Badge,./seed_images/363.jpg
Panda,2017 Reprints,Chessington World of Adventures,Pop Badge,./seed_images/364.jpg
Penguins of Madagascar,2017 Reprints,Chessington World of Adventures,Pop Badge,./seed_images/365.jpg
Raccoon,2017 Reprints,Chessington World of Adventures,Pop Badge,./seed_images/366.jpg
Rangers Club,2017 Reprints,Chessington World of Adventures,Pop Badge,./seed_images/367.jpg
Rhino,2017 Reprints,Chessington World of Adventures,Pop Badge,./seed_images/368.jpg
Safari Hotel,2017 Reprints,Chessington World of Adventures,Pop Badge,./seed_images/369.jpg
Sea Life,2017 Reprints,Chessington World of Adventures,Pop Badge,./seed_images/370.jpg
Vampire,2017 Reprints,Chessington World of Adventures,Pop Badge,./seed_images/371.jpg
Zebras,2017 Reprints,Chessington World of Adventures,Pop Badge,./seed_images/372.jpg
Zoo,2017 Reprints,Chessington World of Adventures,Pop Badge,./seed_images/373.jpg
Dik Dik,2016,Chessington World of Adventures,Pop Badge,./seed_images/374.jpg
Fennec Fox,2016,Chessington World of Adventures,Pop Badge,./seed_images/375.jpg
Gentle Lemur,2016,Chessington World of Adventures,Pop Badge,./seed_images/376.jpg
Monkey,2016,Chessington World of Adventures,Pop Badge,./seed_images/377.jpg
Tamarin,2016,Chessington World of Adventures,Pop Badge,./seed_images/378.jpg
Capybara,2016,Chessington World of Adventures,Pop Badge,./seed_images/379.jpg
Lion,2016,Chessington World of Adventures,Pop Badge,./seed_images/380.jpg
Macaw,2016,Chessington World of Adventures,Pop Badge,./seed_images/381.jpg
Ostrich,2016,Chessington World of Adventures,Pop Badge,./seed_images/382.jpg
Otter,2016,Chessington World of Adventures,Pop Badge,./seed_images/383.jpg
Panda,2016,Chessington World of Adventures,Pop Badge,./seed_images/384.jpg
Racoon,2016,Chessington World of Adventures,Pop Badge,./seed_images/385.jpg
Rhino,2016,Chessington World of Adventures,Pop Badge,./seed_images/386.jpg
Give Me a High Five!,2016,Chessington World of Adventures,Pop Badge,./seed_images/387.jpg
Shout Ahoy!,2016,Chessington World of Adventures,Pop Badge,./seed_images/388.jpg
Stand Like a Flamingo,2016,Chessington World of Adventures,Pop Badge,./seed_images/389.jpg
Dragon Falls,2016,Chessington World of Adventures,Pop Badge,./seed_images/390.jpg
Dragon's Fury,2016,Chessington World of Adventures,Pop Badge,./seed_images/391.jpg
Sea Life,2016,Chessington World of Adventures,Pop Badge,./seed_images/392.jpg
Zoo,2016,Chessington World of Adventures,Pop Badge,./seed_images/393.jpg
Annual Passholder,2016,Chessington World of Adventures,Pop Badge,./seed_images/394.jpg
Gold,2016,Chessington World of Adventures,Pop Badge,./seed_images/395.jpg
It's My Birthday,2016,Chessington World of Adventures,Pop Badge,./seed_images/396.jpg
Roar and Explore,2016,Chessington World of Adventures,Pop Badge,./seed_images/397.jpg
VIP,2016,Chessington World of Adventures,Pop Badge,./seed_images/398.jpg
Wild Adventurer,2016,Chessington World of Adventures,Pop Badge,./seed_images/399.jpg
Zoo 85th Anniversary,2016,Chessington World of Adventures,Pop Badge,./seed_images/400.jpg
Explorer Glamping,2016,Chessington World of Adventures,Pop Badge,./seed_images/401.jpg
Lorikeets Glamping,2016,Chessington World of Adventures,Pop Badge,./seed_images/402.jpg
Go Ape,2016,Chessington World of Adventures,Pop Badge,./seed_images/403.jpg
Professor Burp,2016,Chessington World of Adventures,Pop Badge,./seed_images/404.jpg
Scream Street,2016,Chessington World of Adventures,Pop Badge,./seed_images/405.jpg
Junior Zoo Keeper,2016,Chessington World of Adventures,Pop Badge,./seed_images/53.jpg
Flying Jumbos,2016 Reprints,Chessington World of Adventures,Pop Badge,./seed_images/406.jpg
Giraffe,2016 Reprints,Chessington World of Adventures,Pop Badge,./seed_images/407.jpg
Gorilla Picking Nose,2016 Reprints,Chessington World of Adventures,Pop Badge,./seed_images/408.jpg
Kobra,2016 Reprints,Chessington World of Adventures,Pop Badge,./seed_images/409.jpg
Lioness,2016 Reprints,Chessington World of Adventures,Pop Badge,./seed_images/410.jpg
Penguin,2016 Reprints,Chessington World of Adventures,Pop Badge,./seed_images/411.jpg
Penguins of Madagascar,2016 Reprints,Chessington World of Adventures,Pop Badge,./seed_images/412.jpg
Rangers Club,2016 Reprints,Chessington World of Adventures,Pop Badge,./seed_images/413.jpg
Tiger,2016 Reprints,Chessington World of Adventures,Pop Badge,./seed_images/414.jpg
Tiny Truckers,2016 Reprints,Chessington World of Adventures,Pop Badge,./seed_images/415.jpg
Vampire,2016 Reprints,Chessington World of Adventures,Pop Badge,./seed_images/416.jpg
Zebras,2016 Reprints,Chessington World of Adventures,Pop Badge,./seed_images/417.jpg
Zufari,2016 Reprints,Chessington World of Adventures,Pop Badge,./seed_images/418.jpg
Howloween,2016 Reprints,Chessington World of Adventures,Pop Badge,./seed_images/419.jpg
Winter's Tail,2016 Reprints,Chessington World of Adventures,Pop Badge,./seed_images/420.jpg
African Adventure,2015,Chessington World of Adventures,Pop Badge,./seed_images/421.jpg
African Adventures,2015,Chessington World of Adventures,Pop Badge,./seed_images/422.jpg
Science Week,2015,Chessington World of Adventures,Pop Badge,./seed_images/423.jpg
Wild Adventurer,2015,Chessington World of Adventures,Pop Badge,./seed_images/424.jpg
Sea Life Shark,2015,Chessington World of Adventures,Pop Badge,./seed_images/425.jpg
Azteca Hotel Piranhas,2015,Chessington World of Adventures,Pop Badge,./seed_images/426.jpg
Komodo Dragon,2015,Chessington World of Adventures,Pop Badge,./seed_images/427.jpg
Savannah Splash,2015,Chessington World of Adventures,Pop Badge,./seed_images/428.jpg
Flamingo,2015,Chessington World of Adventures,Pop Badge,./seed_images/429.jpg
Gorilla Picking Nose,2015,Chessington World of Adventures,Pop Badge,./seed_images/430.jpg
Lion,2015,Chessington World of Adventures,Pop Badge,./seed_images/431.jpg
Reindeer,2015,Chessington World of Adventures,Pop Badge,./seed_images/432.jpg
Zebras,2015,Chessington World of Adventures,Pop Badge,./seed_images/433.jpg
Annual Pass,2015,Chessington World of Adventures,Pop Badge,./seed_images/434.jpg
Preschooler & Adult Pass,2015,Chessington World of Adventures,Pop Badge,./seed_images/435.jpg
Give Me a High 5,2015,Chessington World of Adventures,Pop Badge,./seed_images/436.jpg
Roar Like a Lion,2015,Chessington World of Adventures,Pop Badge,./seed_images/437.jpg
Penguins of Madagascar,2015,Chessington World of Adventures,Pop Badge,./seed_images/438.jpg
Sea Life Shark,2015,Chessington World of Adventures,Pop Badge,./seed_images/439.jpg
Zufari,2015,Chessington World of Adventures,Pop Badge,./seed_images/440.jpg
Howloween,2015,Chessington World of Adventures,Pop Badge,./seed_images/441.jpg
Winter's Tail,2015,Chessington World of Adventures,Pop Badge,./seed_images/442.jpg
Dreamworks Weekenders,2015,Chessington World of Adventures,Pop Badge,./seed_images/443.jpg
Amazu,2015 Reprints,Chessington World of Adventures,Pop Badge,./seed_images/444.jpg
Azteca Hotel,2015 Reprints,Chessington World of Adventures,Pop Badge,./seed_images/445.jpg
Bubbleworks,2015 Reprints,Chessington World of Adventures,Pop Badge,./seed_images/446.jpg
Conservation Fund,2015 Reprints,Chessington World of Adventures,Pop Badge,./seed_images/447.jpg
Dragon Falls,2015 Reprints,Chessington World of Adventures,Pop Badge,./seed_images/448.jpg
Dragons Fury,2015 Reprints,Chessington World of Adventures,Pop Badge,./seed_images/449.jpg
Flying Jumbos,2015 Reprints,Chessington World of Adventures,Pop Badge,./seed_images/450.jpg
Giraffe,2015 Reprints,Chessington World of Adventures,Pop Badge,./seed_images/451.jpg
It's My Birthday,2015 Reprints,Chessington World of Adventures,Pop Badge,./seed_images/452.jpg
Kobra,2015 Reprints,Chessington World of Adventures,Pop Badge,./seed_images/453.jpg
Lioness,2015 Reprints,Chessington World of Adventures,Pop Badge,./seed_images/454.jpg
Lorikeets,2015 Reprints,Chessington World of Adventures,Pop Badge,./seed_images/455.jpg
Meerkat,2015 Reprints,Chessington World of Adventures,Pop Badge,./seed_images/456.jpg
Monkey,2015 Reprints,Chessington World of Adventures,Pop Badge,./seed_images/457.jpg
Penguin,2015 Reprints,Chessington World of Adventures,Pop Badge,./seed_images/458.jpg
Rangers Club,2015 Reprints,Chessington World of Adventures,Pop Badge,./seed_images/459.jpg
Rhino,2015 Reprints,Chessington World of Adventures,Pop Badge,./seed_images/460.jpg
Safari Hotel,2015 Reprints,Chessington World of Adventures,Pop Badge,./seed_images/461.jpg
Scorpion Express,2015 Reprints,Chessington World of Adventures,Pop Badge,./seed_images/462.jpg
Sealion,2015 Reprints,Chessington World of Adventures,Pop Badge,./seed_images/463.jpg
Tiger,2015 Reprints,Chessington World of Adventures,Pop Badge,./seed_images/464.jpg
Tiny Truckers,2015 Reprints,Chessington World of Adventures,Pop Badge,./seed_images/465.jpg
Vampire,2015 Reprints,Chessington World of Adventures,Pop Badge,./seed_images/466.jpg
Vampire Logo,2015 Reprints,Chessington World of Adventures,Pop Badge,./seed_images/467.jpg
Giraffe,2014,Chessington World of Adventures,Pop Badge,./seed_images/468.jpg
Lioness,2014,Chessington World of Adventures,Pop Badge,./seed_images/469.jpg
Meerkat & Teddy,2014,Chessington World of Adventures,Pop Badge,./seed_images/470.jpg
Monkey,2014,Chessington World of Adventures,Pop Badge,./seed_images/471.jpg
Penguin,2014,Chessington World of Adventures,Pop Badge,./seed_images/472.jpg
Rhino,2014,Chessington World of Adventures,Pop Badge,./seed_images/473.jpg
Sealion,2014,Chessington World of Adventures,Pop Badge,./seed_images/474.jpg
Tiger,2014,Chessington World of Adventures,Pop Badge,./seed_images/475.jpg
Gold Badge,2014,Chessington World of Adventures,Pop Badge,./seed_images/476.jpg
Amazu,2014,Chessington World of Adventures,Pop Badge,./seed_images/477.jpg
Flying Jumbos,2014,Chessington World of Adventures,Pop Badge,./seed_images/478.jpg
Kobra,2014,Chessington World of Adventures,Pop Badge,./seed_images/479.jpg
Scorpion Express,2014,Chessington World of Adventures,Pop Badge,./seed_images/480.jpg
Sealife,2014,Chessington World of Adventures,Pop Badge,./seed_images/481.jpg
Tiny Truckers,2014,Chessington World of Adventures,Pop Badge,./seed_images/482.jpg
Vampire Ride,2014,Chessington World of Adventures,Pop Badge,./seed_images/483.jpg
Azteca Hotel,2014,Chessington World of Adventures,Pop Badge,./seed_images/484.jpg
Rangers Club,2014,Chessington World of Adventures,Pop Badge,./seed_images/485.jpg
Safari Hotel,2014,Chessington World of Adventures,Pop Badge,./seed_images/486.jpg
Bat,2014,Chessington World of Adventures,Pop Badge,./seed_images/487.jpg
Conservation Fund,2014,Chessington World of Adventures,Pop Badge,./seed_images/488.jpg
It's My Birthday,2014,Chessington World of Adventures,Pop Badge,./seed_images/489.jpg
Santa,2014,Chessington World of Adventures,Pop Badge,./seed_images/490.jpg
Santa (Reprint),2014,Chessington World of Adventures,Pop Badge,./seed_images/491.jpg
Giraffe,2013,Chessington World of Adventures,Pop Badge,./seed_images/492.jpg
Gorilla,2013,Chessington World of Adventures,Pop Badge,./seed_images/493.jpg
Gorilla Picking Nose,2013,Chessington World of Adventures,Pop Badge,./seed_images/494.jpg
Lion,2013,Chessington World of Adventures,Pop Badge,./seed_images/495.jpg
Lorikeets,2013,Chessington World of Adventures,Pop Badge,./seed_images/496.jpg
Meerkat,2013,Chessington World of Adventures,Pop Badge,./seed_images/497.jpg
Bubble Works,2013,Chessington World of Adventures,Pop Badge,./seed_images/498.jpg
Dragon Falls,2013,Chessington World of Adventures,Pop Badge,./seed_images/499.jpg
Dragon's Fury,2013,Chessington World of Adventures,Pop Badge,./seed_images/500.jpg
Vampire,2013,Chessington World of Adventures,Pop Badge,./seed_images/501.jpg
Zufari,2013,Chessington World of Adventures,Pop Badge,./seed_images/502.jpg
Hocus Pocus,2013,Chessington World of Adventures,Pop Badge,./seed_images/503.jpg
Christmas,2013,Chessington World of Adventures,Pop Badge,./seed_images/504.jpg
Conservation,2013,Chessington World of Adventures,Pop Badge,./seed_images/505.jpg
Cool Creations,2017,LEGOLAND Discovery Centre,Pop Badge,./seed_images/506.jpg
Batman,2017,LEGOLAND Discovery Centre,Pop Badge,./seed_images/507.jpg
Joker,2017,LEGOLAND Discovery Centre,Pop Badge,./seed_images/508.jpg
Robin,2017,LEGOLAND Discovery Centre,Pop Badge,./seed_images/509.jpg
Kai,2017,LEGOLAND Discovery Centre,Pop Badge,./seed_images/510.jpg
Lloyd,2017,LEGOLAND Discovery Centre,Pop Badge,./seed_images/511.jpg
Sensei Wu,2017,LEGOLAND Discovery Centre,Pop Badge,./seed_images/512.jpg
Unicorn,2017,LEGOLAND Discovery Centre,Pop Badge,./seed_images/513.jpg
Stormtrooper,2017,LEGOLAND Discovery Centre,Pop Badge,./seed_images/514.jpg
Yoda,2017,LEGOLAND Discovery Centre,Pop Badge,./seed_images/515.jpg
Photographer,2017,LEGOLAND Discovery Centre,Pop Badge,./seed_images/516.jpg
City Builder,2016,LEGOLAND Discovery Centre,Pop Badge,./seed_images/517.jpg
Lego Movie 4D,2016,LEGOLAND Discovery Centre,Pop Badge,./seed_images/518.jpg
Nexo Knights,2016,LEGOLAND Discovery Centre,Pop Badge,./seed_images/519.jpg
Benny,2016,LEGOLAND Discovery Centre,Pop Badge,./seed_images/520.jpg
Emmet,2016,LEGOLAND Discovery Centre,Pop Badge,./seed_images/521.jpg
Unikitty,2016,LEGOLAND Discovery Centre,Pop Badge,./seed_images/522.jpg
Wyldstyle,2016,LEGOLAND Discovery Centre,Pop Badge,./seed_images/523.jpg
Cole,2016,LEGOLAND Discovery Centre,Pop Badge,./seed_images/524.jpg
Jay,2016,LEGOLAND Discovery Centre,Pop Badge,./seed_images/525.jpg
Kai,2016,LEGOLAND Discovery Centre,Pop Badge,./seed_images/526.jpg
Lloyd,2016,LEGOLAND Discovery Centre,Pop Badge,./seed_images/527.jpg
Zane,2016,LEGOLAND Discovery Centre,Pop Badge,./seed_images/528.jpg
Kai (Head),2016,LEGOLAND Discovery Centre,Pop Badge,./seed_images/529.jpg
Santa,2016,LEGOLAND Discovery Centre,Pop Badge,./seed_images/530.jpg
Sleepover,2016,LEGOLAND Discovery Centre,Pop Badge,./seed_images/531.jpg
Knight and Dragon,2016 Reprints,LEGOLAND Discovery Centre,Pop Badge,./seed_images/532.jpg
Cheerleader,2016 Reprints,LEGOLAND Discovery Centre,Pop Badge,./seed_images/533.jpg
Clown,2016 Reprints,LEGOLAND Discovery Centre,Pop Badge,./seed_images/534.jpg
Easter Bunny,2016 Reprints,LEGOLAND Discovery Centre,Pop Badge,./seed_images/535.jpg
Lego Friends,2016 Reprints,LEGOLAND Discovery Centre,Pop Badge,./seed_images/536.jpg
Lizard Man,2016 Reprints,LEGOLAND Discovery Centre,Pop Badge,./seed_images/537.jpg
Racing Driver,2016 Reprints,LEGOLAND Discovery Centre,Pop Badge,./seed_images/538.jpg
Golden Lloyd,2016 Reprints,LEGOLAND Discovery Centre,Pop Badge,./seed_images/539.jpg
Vampire,2016 Reprints,LEGOLAND Discovery Centre,Pop Badge,./seed_images/540.jpg
Elf,2016 Reprints,LEGOLAND Discovery Centre,Pop Badge,./seed_images/541.jpg
Agent Calia Phoenix,2015 Reprints,LEGOLAND Discovery Centre,Pop Badge,./seed_images/542.jpg
Agent Curtis Bolt,2015 Reprints,LEGOLAND Discovery Centre,Pop Badge,./seed_images/543.jpg
Terabyte,2015 Reprints,LEGOLAND Discovery Centre,Pop Badge,./seed_images/544.jpg
Knight and Dragon,2015 Reprints,LEGOLAND Discovery Centre,Pop Badge,./seed_images/545.jpg
Emmet,2015 Reprints,LEGOLAND Discovery Centre,Pop Badge,./seed_images/546.jpg
President Business,2015 Reprints,LEGOLAND Discovery Centre,Pop Badge,./seed_images/547.jpg
Unikitty,2015 Reprints,LEGOLAND Discovery Centre,Pop Badge,./seed_images/548.jpg
Wyldstyle,2015 Reprints,LEGOLAND Discovery Centre,Pop Badge,./seed_images/549.jpg
Cole,2015 Reprints,LEGOLAND Discovery Centre,Pop Badge,./seed_images/550.jpg
Jay,2015 Reprints,LEGOLAND Discovery Centre,Pop Badge,./seed_images/551.jpg
Kai,2015 Reprints,LEGOLAND Discovery Centre,Pop Badge,./seed_images/552.jpg
Lloyd,2015 Reprints,LEGOLAND Discovery Centre,Pop Badge,./seed_images/553.jpg
Zane,2015 Reprints,LEGOLAND Discovery Centre,Pop Badge,./seed_images/554.jpg
Racers,2015 Reprints,LEGOLAND Discovery Centre,Pop Badge,./seed_images/555.jpg
Brick or Treat,2015 Reprints,LEGOLAND Discovery Centre,Pop Badge,./seed_images/556.jpg
Christmas Bricktacular,2015 Reprints,LEGOLAND Discovery Centre,Pop Badge,./seed_images/557.jpg
Cheerleader,2014,LEGOLAND Discovery Centre,Pop Badge,./seed_images/558.jpg
Clown,2014,LEGOLAND Discovery Centre,Pop Badge,./seed_images/559.jpg
Dragon Knight,2014,LEGOLAND Discovery Centre,Pop Badge,./seed_images/560.jpg
Inspector,2014,LEGOLAND Discovery Centre,Pop Badge,./seed_images/561.jpg
Laval,2014,LEGOLAND Discovery Centre,Pop Badge,./seed_images/562.jpg
Lizard Man,2014,LEGOLAND Discovery Centre,Pop Badge,./seed_images/563.jpg
Lloyd,2014,LEGOLAND Discovery Centre,Pop Badge,./seed_images/564.jpg
Olivia and Stephanie,2014,LEGOLAND Discovery Centre,Pop Badge,./seed_images/565.jpg
Racing Driver,2014,LEGOLAND Discovery Centre,Pop Badge,./seed_images/566.jpg
Easter Bunny,2014,LEGOLAND Discovery Centre,Pop Badge,./seed_images/567.jpg
Lord Vampire,2014,LEGOLAND Discovery Centre,Pop Badge,./seed_images/568.jpg
Elf,2014,LEGOLAND Discovery Centre,Pop Badge,./seed_images/569.jpg
Bonnie and Bertie,2013,LEGOLAND Discovery Centre,Pop Badge,./seed_images/570.jpg
Cragger,2013,LEGOLAND Discovery Centre,Pop Badge,./seed_images/571.jpg
DJ,2013,LEGOLAND Discovery Centre,Pop Badge,./seed_images/572.jpg
Friends,2013,LEGOLAND Discovery Centre,Pop Badge,./seed_images/573.jpg
Happy Birthday,2013,LEGOLAND Discovery Centre,Pop Badge,./seed_images/574.jpg
Laval,2013,LEGOLAND Discovery Centre,Pop Badge,./seed_images/575.jpg
MBA Spaceman,2013,LEGOLAND Discovery Centre,Pop Badge,./seed_images/576.jpg
Santa,2013,LEGOLAND Discovery Centre,Pop Badge,./seed_images/577.jpg
Vampire,2013,LEGOLAND Discovery Centre,Pop Badge,./seed_images/578.jpg
Batman,2012,LEGOLAND Discovery Centre,Pop Badge,./seed_images/579.jpg
Bertie,2012,LEGOLAND Discovery Centre,Pop Badge,./seed_images/580.jpg
Bonnie,2012,LEGOLAND Discovery Centre,Pop Badge,./seed_images/581.jpg
Clown,2012,LEGOLAND Discovery Centre,Pop Badge,./seed_images/582.jpg
Darth Vader,2012,LEGOLAND Discovery Centre,Pop Badge,./seed_images/583.jpg
Forest Pursuit,2012,LEGOLAND Discovery Centre,Pop Badge,./seed_images/584.jpg
Friends,2012,LEGOLAND Discovery Centre,Pop Badge,./seed_images/585.jpg
Ninjago,2012,LEGOLAND Discovery Centre,Pop Badge,./seed_images/586.jpg
Santa,2012,LEGOLAND Discovery Centre,Pop Badge,./seed_images/587.jpg
Vampire,2012,LEGOLAND Discovery Centre,Pop Badge,./seed_images/588.jpg
Rise of the Daemon,2017,THORPE PARK Resort,Pop Badge,./seed_images/589.jpg
Timber Tug Boat,2017,THORPE PARK Resort,Pop Badge,./seed_images/590.jpg
Shark Hotel,2017,THORPE PARK Resort,Pop Badge,./seed_images/591.jpg
Amity Beach,2016,THORPE PARK Resort,Pop Badge,./seed_images/592.jpg
Lost City,2016,THORPE PARK Resort,Pop Badge,./seed_images/593.jpg
Old Town,2016,THORPE PARK Resort,Pop Badge,./seed_images/594.jpg
Port & Basecamp,2016,THORPE PARK Resort,Pop Badge,./seed_images/595.jpg
Swarm Island,2016,THORPE PARK Resort,Pop Badge,./seed_images/596.jpg
The Jungle,2016,THORPE PARK Resort,Pop Badge,./seed_images/597.jpg
Fright Nights,2016,THORPE PARK Resort,Pop Badge,./seed_images/598.jpg
Amity Beach,2015,THORPE PARK Resort,Pop Badge,./seed_images/599.jpg
Lost City,2015,THORPE PARK Resort,Pop Badge,./seed_images/600.jpg
Old Town,2015,THORPE PARK Resort,Pop Badge,./seed_images/601.jpg
Port & Basecamp,2015,THORPE PARK Resort,Pop Badge,./seed_images/602.jpg
Swarm Island,2015,THORPE PARK Resort,Pop Badge,./seed_images/603.jpg
The Jungle,2015,THORPE PARK Resort,Pop Badge,./seed_images/604.jpg
Angry Birds,2015,THORPE PARK Resort,Pop Badge,./seed_images/605.jpg
I'm a Celebrity Jungle Maze,2015,THORPE PARK Resort,Pop Badge,./seed_images/606.jpg
Stealyj,2015,THORPE PARK Resort,Pop Badge,./seed_images/607.jpg
The Swarm,2015,THORPE PARK Resort,Pop Badge,./seed_images/608.jpg
It's My Birthday,2015,THORPE PARK Resort,Pop Badge,./seed_images/609.jpg
My First Coaster,2015,THORPE PARK Resort,Pop Badge,./seed_images/610.jpg
Shark Club (Reprint),2015,THORPE PARK Resort,Pop Badge,./seed_images/611.jpg
Fright Nights,2015,THORPE PARK Resort,Pop Badge,./seed_images/612.jpg
Ghost Train,2015,THORPE PARK Resort,Pop Badge,./seed_images/613.jpg
Shark Club,2014,THORPE PARK Resort,Pop Badge,./seed_images/614.jpg
Pirates,2017,Alton Towers Resort,Pop Badge,./seed_images/615.jpg
Princesses,2017,Alton Towers Resort,Pop Badge,./seed_images/616.jpg
Lucky Last Hole,2017,Alton Towers Resort,Pop Badge,./seed_images/617.jpg
Furchester Hotel,2017,Alton Towers Resort,Pop Badge,./seed_images/54.jpg
Go Jetters,2017,Alton Towers Resort,Pop Badge,./seed_images/618.jpg
Cbeebies Hotel,2017,Alton Towers Resort,Pop Badge,./seed_images/619.jpg
Alton Towers Hotel,2017 Staff,Alton Towers Resort,Pop Badge,./seed_images/620.jpg
Alton Towers Spa,2017 Staff,Alton Towers Resort,Pop Badge,./seed_images/621.jpg
Extraordinary Golf,2017 Staff,Alton Towers Resort,Pop Badge,./seed_images/622.jpg
Splash Landings,2017 Staff,Alton Towers Resort,Pop Badge,./seed_images/623.jpg
Towers Logo,2017 Staff,Alton Towers Resort,Pop Badge,./seed_images/624.jpg
Tree Top Quest,2017 Staff,Alton Towers Resort,Pop Badge,./seed_images/625.jpg
Water Park,2017 Staff,Alton Towers Resort,Pop Badge,./seed_images/626.jpg
Gold,2017 Staff,Alton Towers Resort,Pop Badge,./seed_images/627.jpg
Flying Carpet Wizard,2017 Staff,Alton Towers Resort,Pop Badge,./seed_images/628.jpg
World Wizard,2017 Staff,Alton Towers Resort,Pop Badge,./seed_images/629.jpg
Sharkbait Reef,2016,Alton Towers Resort,Pop Badge,./seed_images/630.jpg
Birthday,2016,Alton Towers Resort,Pop Badge,./seed_images/631.jpg
For The Love of Fun,2016,Alton Towers Resort,Pop Badge,./seed_images/632.jpg
Alton Towers 2016,2016,Alton Towers Resort,Pop Badge,./seed_images/633.jpg
Towers Tastic Summer,2016,Alton Towers Resort,Pop Badge,./seed_images/634.jpg
Snapchat,2016,Alton Towers Resort,Pop Badge,./seed_images/635.jpg
Scarefest Characters,2016,Alton Towers Resort,Pop Badge,./seed_images/636.jpg
Scarefest Towers,2016,Alton Towers Resort,Pop Badge,./seed_images/637.jpg
Santa,2016,Alton Towers Resort,Pop Badge,./seed_images/638.jpg
Towers Tastic Summer,2015,Alton Towers Resort,Pop Badge,./seed_images/639.jpg
Franklyn,2015,Alton Towers Resort,Pop Badge,./seed_images/640.jpg
Patch,2015,Alton Towers Resort,Pop Badge,./seed_images/641.jpg
Phil,2015,Alton Towers Resort,Pop Badge,./seed_images/642.jpg
Scarefest,2015,Alton Towers Resort,Pop Badge,./seed_images/643.jpg
Skelvin,2015,Alton Towers Resort,Pop Badge,./seed_images/644.jpg
Christmas,2015,Alton Towers Resort,Pop Badge,./seed_images/645.jpg
Santa Sleepover,2015,Alton Towers Resort,Pop Badge,./seed_images/646.jpg
Snowman,2015,Alton Towers Resort,Pop Badge,./seed_images/647.jpg
Baby Po,2016,Shrek's Adventure,Pop Badge,./seed_images/648.jpg
Fefgus Farkle & Felicia,2016,Shrek's Adventure,Pop Badge,./seed_images/649.jpg
Gingy,2016,Shrek's Adventure,Pop Badge,./seed_images/650.jpg
Passport,2016,Shrek's Adventure,Pop Badge,./seed_images/651.jpg
Pinocchio,2015,Shrek's Adventure,Pop Badge,./seed_images/652.jpg
Po Gloria & Toothless,2015,Shrek's Adventure,Pop Badge,./seed_images/653.jpg
Puss in Boots,2015,Shrek's Adventure,Pop Badge,./seed_images/654.jpg
Shrek,2015,Shrek's Adventure,Pop Badge,./seed_images/655.jpg
1100 Years Of History,2017,Warwick Castle,Pop Badge,./seed_images/656.jpg
Boathouse Restoration,2017,Warwick Castle,Pop Badge,./seed_images/657.jpg
House of Lancaster,2017,Warwick Castle,Pop Badge,./seed_images/658.jpg
House of York,2017,Warwick Castle,Pop Badge,./seed_images/659.jpg
Wars of Roses,2017,Warwick Castle,Pop Badge,./seed_images/660.jpg
History Week,2017,Warwick Castle,Pop Badge,./seed_images/661.jpg
Knights Village,2017,Warwick Castle,Pop Badge,./seed_images/662.jpg
Annual Pass,2017,Warwick Castle,Pop Badge,./seed_images/663.jpg
Horrible Histories,2017,Warwick Castle,Pop Badge,./seed_images/664.jpg
Horrible Histories,2016,Warwick Castle,Pop Badge,./seed_images/665.jpg
Horrible Histories Shielf,2016,Warwick Castle,Pop Badge,./seed_images/666.jpg
Flight of the Eagles,2016,Warwick Castle,Pop Badge,./seed_images/667.jpg
Haunted Castle,2016,Warwick Castle,Pop Badge,./seed_images/668.jpg
History Team,2016,Warwick Castle,Pop Badge,./seed_images/669.jpg
Jousting,2016,Warwick Castle,Pop Badge,./seed_images/670.jpg
Knights Village,2016,Warwick Castle,Pop Badge,./seed_images/671.jpg
Peacock,2016,Warwick Castle,Pop Badge,./seed_images/672.jpg
Princess Tower,2016,Warwick Castle,Pop Badge,./seed_images/673.jpg
Trebuchet,2016,Warwick Castle,Pop Badge,./seed_images/674.jpg
Circus,2017,Blackpool Tower,Pop Badge,./seed_images/675.jpg
Dungeon,2017,Blackpool Tower,Pop Badge,./seed_images/676.jpg
Birthday,2017,Blackpool Tower,Pop Badge,./seed_images/677.jpg
I'm a Tower Explorer,2017,Blackpool Tower,Pop Badge,./seed_images/678.jpg
Circus,2016,Blackpool Tower,Pop Badge,./seed_images/679.jpg
Dungeon,2016,Blackpool Tower,Pop Badge,./seed_images/680.jpg
Jungle Jim's,2016,Blackpool Tower,Pop Badge,./seed_images/681.jpg
Tower,2016,Blackpool Tower,Pop Badge,./seed_images/682.jpg
Circus,2015,Blackpool Tower,Pop Badge,./seed_images/683.jpg
Tower Eye,2015,Blackpool Tower,Pop Badge,./seed_images/684.jpg
Halloween,2016,London Eye,Pop Badge,./seed_images/685.jpg
Hello Summer,2017,Merlin Entertainments,Pop Badge,./seed_images/686.jpg
My Year of Fun!,2017,Merlin Entertainments,Pop Badge,./seed_images/687.jpg
Dixie,2017,Merlin Entertainments,Pop Badge,./seed_images/688.jpg
Jessie,2017,Merlin Entertainments,Pop Badge,./seed_images/689.jpg
Norbert,2017,Merlin Entertainments,Pop Badge,./seed_images/690.jpg
Annual Pass Limited Edition,2016,Merlin Entertainments,Pop Badge,./seed_images/691.jpg
Cubs 100,2016,Merlin Entertainments,Pop Badge,./seed_images/692.jpg
Elliott's Swappathon,2016,Merlin Entertainments,Pop Badge,./seed_images/693.jpg
Magic Wand Annual Pass,2016,Merlin Entertainments,Pop Badge,./seed_images/694.jpg
Passholder Blue,2016,Merlin Entertainments,Pop Badge,./seed_images/695.jpg
Passholder Winner,2016,Merlin Entertainments,Pop Badge,./seed_images/696.jpg
Passholder Yellow,2016,Merlin Entertainments,Pop Badge,./seed_images/697.jpg
Merlin's Magic Wand,2016,Merlin Entertainments,Pop Badge,./seed_images/698.jpg
Merlin's Magic Wand Christmas,2015,Merlin Entertainments,Pop Badge,./seed_images/699.jpg
Merlin Annual Pass,2015,Merlin Entertainments,Pop Badge,./seed_images/700.jpg
Passholder Limited Edition,2015,Merlin Entertainments,Pop Badge,./seed_images/701.jpg
Premium Passholder,2015,Merlin Entertainments,Pop Badge,./seed_images/702.jpg
Merlin's Magic Wand,2014,Merlin Entertainments,Pop Badge,./seed_images/703.jpg
Merlin Annual Pass Holder,2014,Merlin Entertainments,Pop Badge,./seed_images/704.jpg
VIP Passholder,2017,Merlin Entertainments - VIP,Pop Badge,./seed_images/705.jpg
Warwick VIP Wizard,2017,Merlin Entertainments - VIP,Pop Badge,./seed_images/706.jpg
Rollercoaster VIP,2016,Merlin Entertainments - VIP,Pop Badge,./seed_images/707.jpg
Explorer Glamping,2016,Merlin Entertainments - VIP,Pop Badge,./seed_images/708.jpg
VIP Passholder,2016,Merlin Entertainments - VIP,Pop Badge,./seed_images/709.jpg
Shark Feeder,2016,Merlin Entertainments - VIP,Pop Badge,./seed_images/710.jpg
Great Fire of London,2016,The London Dungeons,Pop Badge,./seed_images/711.jpg
Dungeon Logo,2017,The York Dungeon,Pop Badge,./seed_images/712.jpg
Vikings,2017,The York Dungeon,Pop Badge,./seed_images/713.jpg
Dick is Back,2017,The York Dungeon,Pop Badge,./seed_images/714.jpg
Wicked Women,2016,The York Dungeon,Pop Badge,./seed_images/715.jpg
Dungeon Logo,2017,The Edinburgh Dungeon,Pop Badge,./seed_images/716.jpg
Witches,2017,The Edinburgh Dungeon,Pop Badge,./seed_images/717.jpg
Celebrities,2016,Madam Tussauds - Blackpool,Pop Badge,./seed_images/718.jpg
I Met the Stars,2016,Madam Tussauds - Blackpool,Pop Badge,./seed_images/719.jpg
Kids Characters,2016,Madam Tussauds - Blackpool,Pop Badge,./seed_images/720.jpg
James Conrad,2017,Madam Tussauds - London,Pop Badge,./seed_images/721.jpg
Kong,2017,Madam Tussauds - London,Pop Badge,./seed_images/722.jpg
C3PO,2017,Madam Tussauds - London,Pop Badge,./seed_images/723.jpg
Darth Vader,2017,Madam Tussauds - London,Pop Badge,./seed_images/724.jpg
R2D2,2017,Madam Tussauds - London,Pop Badge,./seed_images/725.jpg
Star Wars Logo,2017,Madam Tussauds - London,Pop Badge,./seed_images/726.jpg
Stormtrooper,2017,Madam Tussauds - London,Pop Badge,./seed_images/727.jpg
Chewbacca,2016,Madam Tussauds - London,Pop Badge,./seed_images/728.jpg
Han Solo,2016,Madam Tussauds - London,Pop Badge,./seed_images/729.jpg
Leia and Jabba,2016,Madam Tussauds - London,Pop Badge,./seed_images/730.jpg
Luke Skywalker,2016,Madam Tussauds - London,Pop Badge,./seed_images/731.jpg
Rey,2016,Madam Tussauds - London,Pop Badge,./seed_images/732.jpg
Yoda,2016,Madam Tussauds - London,Pop Badge,./seed_images/733.jpg
Annual Pass Seahorse,2017,Sea Life - Weymouth,Pop Badge,./seed_images/734.jpg
Magnus,2017,Sea Life - Weymouth,Pop Badge,./seed_images/735.jpg
Otter,2017,Sea Life - Weymouth,Pop Badge,./seed_images/736.jpg
I've Dived with Sea Life,2017,Sea Life - Weymouth,Pop Badge,./seed_images/737.jpg
Pirate Golf,2017,Sea Life - Weymouth,Pop Badge,./seed_images/738.jpg
Adventure Playground,2017,Sea Life - Weymouth,Pop Badge,./seed_images/739.jpg
Caribbean Cove,2017,Sea Life - Weymouth,Pop Badge,./seed_images/740.jpg
Tower,2017,Sea Life - Weymouth,Pop Badge,./seed_images/741.jpg
Train,2017,Sea Life - Weymouth,Pop Badge,./seed_images/742.jpg
Octopus,2017,Sea Life - Weymouth,Pop Badge,./seed_images/743.jpg
Turtle,2017,Sea Life - Weymouth,Pop Badge,./seed_images/744.jpg
Conservation,2017,Sea Life - Weymouth,Pop Badge,./seed_images/745.jpg
Turtle Nests,2017,Sea Life - Weymouth,Pop Badge,./seed_images/746.jpg
Hermit Crab,2017,Sea Life - Weymouth,Pop Badge,./seed_images/747.jpg
Annual Pass Turtle,2016,Sea Life - Weymouth,Pop Badge,./seed_images/748.jpg
Clown Fish,2016,Sea Life - Weymouth,Pop Badge,./seed_images/749.jpg
Crocodile,2016,Sea Life - Weymouth,Pop Badge,./seed_images/750.jpg
I've Dived With Sea Life,2016,Sea Life - Weymouth,Pop Badge,./seed_images/751.jpg
Octopus,2016,Sea Life - Weymouth,Pop Badge,./seed_images/752.jpg
Penguin,2016,Sea Life - Weymouth,Pop Badge,./seed_images/753.jpg
Ray,2016,Sea Life - Weymouth,Pop Badge,./seed_images/754.jpg
Seal,2016,Sea Life - Weymouth,Pop Badge,./seed_images/755.jpg
Turtle,2016,Sea Life - Weymouth,Pop Badge,./seed_images/756.jpg
Blue Tang,2016,Sea Life - Weymouth,Pop Badge,./seed_images/757.jpg
Shark,2016,Sea Life - Weymouth,Pop Badge,./seed_images/758.jpg
Pirate Golf,2016,Sea Life - Weymouth,Pop Badge,./seed_images/759.jpg
Creature Makes,2016,Sea Life - Weymouth,Pop Badge,./seed_images/760.jpg
Tyler,2016,Sea Life - Weymouth,Pop Badge,./seed_images/761.jpg
Dinosaur,2016,Sea Life - Weymouth,Pop Badge,./seed_images/762.jpg
Jellyfish,2016,Sea Life - Weymouth,Pop Badge,./seed_images/763.jpg
Enchanted Cabin,2016,Sea Life - Weymouth,Pop Badge,./seed_images/764.jpg
Piranah,2016,Sea Life - Weymouth,Pop Badge,./seed_images/765.jpg
Christmas Puffins,2016,Sea Life - Weymouth,Pop Badge,./seed_images/766.jpg
Annual Pass Penguin,2015,Sea Life - Weymouth,Pop Badge,./seed_images/767.jpg
Baby Dino,2015,Sea Life - Weymouth,Pop Badge,./seed_images/768.jpg
Mia,2015,Sea Life - Weymouth,Pop Badge,./seed_images/769.jpg
Octopus,2015,Sea Life - Weymouth,Pop Badge,./seed_images/770.jpg
Pirate Adventure Mini Golf,2015,Sea Life - Weymouth,Pop Badge,./seed_images/771.jpg
Conservation,2015,Sea Life - Weymouth,Pop Badge,./seed_images/772.jpg
Gold Starfish,2015,Sea Life - Weymouth,Pop Badge,./seed_images/773.jpg
Silver Seal,2015,Sea Life - Weymouth,Pop Badge,./seed_images/774.jpg
Face Your Fears,2015,Sea Life - Weymouth,Pop Badge,./seed_images/775.jpg
Snowman,2015,Sea Life - Weymouth,Pop Badge,./seed_images/776.jpg
Magnus,2014,Sea Life - Weymouth,Pop Badge,./seed_images/777.jpg
Puffins,2014,Sea Life - Weymouth,Pop Badge,./seed_images/778.jpg
Tower,2014,Sea Life - Weymouth,Pop Badge,./seed_images/779.jpg
Train,2014,Sea Life - Weymouth,Pop Badge,./seed_images/780.jpg
Face Your Fears,2014,Sea Life - Weymouth,Pop Badge,./seed_images/781.jpg
Santa,2014,Sea Life - Weymouth,Pop Badge,./seed_images/782.jpg
Adventure Trail,2017,Sea Life - Blackpool,Pop Badge,./seed_images/783.jpg
Rock Pool,2017,Sea Life - Blackpool,Pop Badge,./seed_images/784.jpg
Sea Stars,2017,Sea Life - Blackpool,Pop Badge,./seed_images/785.jpg
Snorkelling with Sharks,2017,Sea Life - Blackpool,Pop Badge,./seed_images/786.jpg
I Visited the Rock Pool,2017,Sea Life - Blackpool,Pop Badge,./seed_images/787.jpg
It's My Birthday,2017,Sea Life - Blackpool,Pop Badge,./seed_images/788.jpg
Rainforest Ranger Table,2017,Sea Life - Blackpool,Pop Badge,./seed_images/789.jpg
Snorkelling without Sharks,2017,Sea Life - Blackpool,Pop Badge,./seed_images/790.jpg
Jellyfish,2016,Sea Life - Blackpool,Pop Badge,./seed_images/791.jpg
Nautilus,2016,Sea Life - Blackpool,Pop Badge,./seed_images/792.jpg
Port Jackson Shark,2016,Sea Life - Blackpool,Pop Badge,./seed_images/793.jpg
Beach Clean,2016,Sea Life - Blackpool,Pop Badge,./seed_images/794.jpg
Wow Fact,2016,Sea Life - Blackpool,Pop Badge,./seed_images/795.jpg
Sharks in the Dark,2016,Sea Life - Blackpool,Pop Badge,./seed_images/796.jpg
Guitar Fish,2015,Sea Life - Blackpool,Pop Badge,./seed_images/797.jpg
Ray,2015,Sea Life - Blackpool,Pop Badge,./seed_images/798.jpg
I've Fed the Sharks,2015,Sea Life - Blackpool,Pop Badge,./seed_images/799.jpg
Snorkelling With Sharks,2015,Sea Life - Blackpool,Pop Badge,./seed_images/800.jpg
Seahorse,2015,Sea Life - Blackpool,Pop Badge,./seed_images/801.jpg
Shark,2015,Sea Life - Blackpool,Pop Badge,./seed_images/802.jpg
It's My Birthday,2015,Sea Life - Blackpool,Pop Badge,./seed_images/803.jpg
Claws,2017,Sea Life - Brighton,Pop Badge,./seed_images/804.jpg
Glass Bottom Boat,2017,Sea Life - Brighton,Pop Badge,./seed_images/805.jpg
The Loop,2017,Sea Life - Brighton,Pop Badge,./seed_images/806.jpg
VIP Feeding Experience,2017,Sea Life - Brighton,Pop Badge,./seed_images/807.jpg
Secrets of the Reef,2016,Sea Life - Brighton,Pop Badge,./seed_images/808.jpg
Oldest Aquarium,2015,Sea Life - Brighton,Pop Badge,./seed_images/809.jpg
Plesiosaurus,2015,Sea Life - Brighton,Pop Badge,./seed_images/810.jpg
Sea Turtle,2015,Sea Life - Brighton,Pop Badge,./seed_images/811.jpg
Axolotl,2017,Sea Life - Manchester,Pop Badge,./seed_images/812.jpg
Nautilus,2017,Sea Life - Manchester,Pop Badge,./seed_images/813.jpg
Plesiosaurus,2017,Sea Life - Manchester,Pop Badge,./seed_images/814.jpg
Ranger,2017,Sea Life - Manchester,Pop Badge,./seed_images/815.jpg
Sleepover,2017,Sea Life - Manchester,Pop Badge,./seed_images/816.jpg
I Touched a Snail,2017,Sea Life - Manchester,Pop Badge,./seed_images/817.jpg
I Touched a Snake,2017,Sea Life - Manchester,Pop Badge,./seed_images/818.jpg
I Touched a Starfish,2017,Sea Life - Manchester,Pop Badge,./seed_images/819.jpg
Ancient Oceans,2016,Sea Life - Manchester,Pop Badge,./seed_images/820.jpg
Hank,2016,Sea Life - Manchester,Pop Badge,./seed_images/821.jpg
Fishmas Tails,2016,Sea Life - Manchester,Pop Badge,./seed_images/822.jpg
Spooky Seas,2015,Sea Life - Manchester,Pop Badge,./seed_images/823.jpg
Merry Fishmas,2015,Sea Life - Manchester,Pop Badge,./seed_images/824.jpg
I've Dived with Sea Life,2015,Sea Life - Manchester,Pop Badge,./seed_images/825.jpg
Shark Weeks,2017,Sea Life - Scarborough,Pop Badge,./seed_images/826.jpg
I've Met Babs,2017,Sea Life - Scarborough,Pop Badge,./seed_images/827.jpg
Octopus Hideout,2017,Sea Life - Scarborough,Pop Badge,./seed_images/828.jpg
Golden Egg Hunt,2017,Sea Life - Scarborough,Pop Badge,./seed_images/829.jpg
Penguin Week,2017,Sea Life - Scarborough,Pop Badge,./seed_images/830.jpg
Sleepover,2017,Sea Life - Scarborough,Pop Badge,./seed_images/831.jpg
Seal Hospital,2017,Sea Life - Scarborough,Pop Badge,./seed_images/832.jpg
Eric the Otter,2016,Sea Life - Scarborough,Pop Badge,./seed_images/833.jpg
Penguin Weeks,2016,Sea Life - Scarborough,Pop Badge,./seed_images/834.jpg
Penguin,2016,Sea Life - Scarborough,Pop Badge,./seed_images/835.jpg
Penguin in Snow,2016,Sea Life - Scarborough,Pop Badge,./seed_images/836.jpg
Seal,2016,Sea Life - Scarborough,Pop Badge,./seed_images/837.jpg
Jellyfish,2016,Sea Life - Scarborough,Pop Badge,./seed_images/838.jpg
Sea Watch,2016,Sea Life - Scarborough,Pop Badge,./seed_images/839.jpg
Seal Doctor Week,2016,Sea Life - Scarborough,Pop Badge,./seed_images/840.jpg
Ghost Golf,2016,Sea Life - Scarborough,Pop Badge,./seed_images/841.jpg
I Met Santa,2016,Sea Life - Scarborough,Pop Badge,./seed_images/842.jpg
I'm Santa's VIP,2016,Sea Life - Scarborough,Pop Badge,./seed_images/843.jpg
Face Your Fears,2015,Sea Life - Scarborough,Pop Badge,./seed_images/844.jpg
Santa,2015,Sea Life - Scarborough,Pop Badge,./seed_images/845.jpg
Snale and the Whale,2017,Sea Life - Birmingham,Pop Badge,./seed_images/846.jpg
It's My Birthday,2017,Sea Life - Birmingham,Pop Badge,./seed_images/847.jpg
Ocean Tunnel,2017,Sea Life - Birmingham,Pop Badge,./seed_images/848.jpg
Penguin Feeding,2017,Sea Life - Birmingham,Pop Badge,./seed_images/849.jpg
Clown Fish,2017,Sea Life - Birmingham,Pop Badge,./seed_images/850.jpg
Penguin,2017,Sea Life - Birmingham,Pop Badge,./seed_images/851.jpg
Octopus Hideout,2017,Sea Life - Birmingham,Pop Badge,./seed_images/852.jpg
Merlin's Magic Wand Day,2017,Sea Life - Birmingham,Pop Badge,./seed_images/853.jpg
Ancient Oceans,2016,Sea Life - Birmingham,Pop Badge,./seed_images/854.jpg
Penguins,2016,Sea Life - Birmingham,Pop Badge,./seed_images/855.jpg
Turtle,2016,Sea Life - Birmingham,Pop Badge,./seed_images/856.jpg
20th Anniversary,2016,Sea Life - Birmingham,Pop Badge,./seed_images/857.jpg
Penguin Week,2016,Sea Life - Birmingham,Pop Badge,./seed_images/858.jpg
Shark Weeks,2016,Sea Life - Birmingham,Pop Badge,./seed_images/859.jpg
Turtle Fest,2016,Sea Life - Birmingham,Pop Badge,./seed_images/860.jpg
I Met Santa,2016,Sea Life - Birmingham,Pop Badge,./seed_images/861.jpg
Lilly the Seal,2017,Sea Life - Hunstanton,Pop Badge,./seed_images/862.jpg
Being a Force for Good,2017,Sea Life - Hunstanton,Pop Badge,./seed_images/863.jpg
I Touched a Starfish,2017,Sea Life - Hunstanton,Pop Badge,./seed_images/864.jpg
Rainforest Ranger,2017,Sea Life - Hunstanton,Pop Badge,./seed_images/865.jpg
Conservation,2017,Sea Life - Hunstanton,Pop Badge,./seed_images/866.jpg
Seal Cadets,2017,Sea Life - Hunstanton,Pop Badge,./seed_images/867.jpg
Rainforest Ranger,2016,Sea Life - Hunstanton,Pop Badge,./seed_images/868.jpg
Predators of the Reef,2017,Sea Life - Loch Lomond,Pop Badge,./seed_images/869.jpg
Ray,2017,Sea Life - Loch Lomond,Pop Badge,./seed_images/870.jpg
I Joined the Invasion,2017,Sea Life - London,Pop Badge,./seed_images/871.jpg
Ocean Invaders,2017,Sea Life - London,Pop Badge,./seed_images/872.jpg
Pirate Week,2017,Sea Life - Great Yarmouth,Pop Badge,./seed_images/873.jpg
Shark,2017,Sea Life - Great Yarmouth,Pop Badge,./seed_images/874.jpg
Turtle,2017,Sea Life - Great Yarmouth,Pop Badge,./seed_images/875.jpg
Ray,2017,Sea Life - Bray,Pop Badge,./seed_images/876.jpg
Shark,2017,Sea Life - Bray,Pop Badge,./seed_images/877.jpg
Mia,2017,Sea Life - Bray,Pop Badge,./seed_images/878.jpg
Seal Cadets,2017,Sea Life - Cornish Seal Sanctuary,Pop Badge,./seed_images/879.jpg
Carus,2017,Sea Life - Cornish Seal Sanctuary,Pop Badge,./seed_images/880.jpg
Flipper,2017,Sea Life - Cornish Seal Sanctuary,Pop Badge,./seed_images/881.jpg
Otter,2017,Sea Life - Cornish Seal Sanctuary,Pop Badge,./seed_images/882.jpg
Penguin,2017,Sea Life - Cornish Seal Sanctuary,Pop Badge,./seed_images/883.jpg
Seal Pup,2017,Sea Life - Cornish Seal Sanctuary,Pop Badge,./seed_images/884.jpg
Sheba,2017,Sea Life - Cornish Seal Sanctuary,Pop Badge,./seed_images/885.jpg
Sunny,2017,Sea Life - Cornish Seal Sanctuary,Pop Badge,./seed_images/886.jpg
Sea Life Trust,2017,Sea Life - Cornish Seal Sanctuary,Pop Badge,./seed_images/887.jpg
Gweek Logo,2017,Sea Life - Cornish Seal Sanctuary,Pop Badge,./seed_images/888.jpg
Happy Birthday Babyface,2017,Sea Life - Cornish Seal Sanctuary,Pop Badge,./seed_images/889.jpg
The Deep,2017,Sea Life,Pop Badge,./seed_images/890.jpg
Behind the Scenes Tour,2017,Sea Life,Pop Badge,./seed_images/891.jpg
The Snail and the Whale,2017,Sea Life,Pop Badge,./seed_images/892.jpg
Captain Barnacles,2017,Sea Life,Pop Badge,./seed_images/893.jpg
Kwazii,2017,Sea Life,Pop Badge,./seed_images/894.jpg
Peso,2017,Sea Life,Pop Badge,./seed_images/895.jpg
Shellington,2017,Sea Life,Pop Badge,./seed_images/896.jpg
Octo Glow,2017,Sea Life,Pop Badge,./seed_images/897.jpg
Junior Ranger,2017,Sea Life,Pop Badge,./seed_images/898.jpg
Ant,2017,Sea Life,Pop Badge,./seed_images/899.jpg
Fontaine,2017,Sea Life,Pop Badge,./seed_images/900.jpg
Jeffrey,2017,Sea Life,Pop Badge,./seed_images/901.jpg
The Nektons,2017,Sea Life,Pop Badge,./seed_images/902.jpg
Finding Dory,2016,Sea Life,Pop Badge,./seed_images/903.jpg
Spooky Seas,2016,Sea Life,Pop Badge,./seed_images/904.jpg
Cheetah,2017,Longleat Safari and Adventure Park,Pop Badge,./seed_images/905.jpg
Giraffes,2017,Longleat Safari and Adventure Park,Pop Badge,./seed_images/906.jpg
Lemurs,2017,Longleat Safari and Adventure Park,Pop Badge,./seed_images/907.jpg
Red Panda,2017,Longleat Safari and Adventure Park,Pop Badge,./seed_images/908.jpg
Rhino,2017,Longleat Safari and Adventure Park,Pop Badge,./seed_images/909.jpg
Tiger,2017,Longleat Safari and Adventure Park,Pop Badge,./seed_images/910.jpg
Wolf,2017,Longleat Safari and Adventure Park,Pop Badge,./seed_images/911.jpg
Longleat House,2017,Longleat Safari and Adventure Park,Pop Badge,./seed_images/912.jpg
Longleat Railway (Gold),2017,Longleat Safari and Adventure Park,Pop Badge,./seed_images/913.jpg
Longleat Railway (Red),2017,Longleat Safari and Adventure Park,Pop Badge,./seed_images/914.jpg
Maze,2017,Longleat Safari and Adventure Park,Pop Badge,./seed_images/915.jpg
Monkey Temple (Green),2017,Longleat Safari and Adventure Park,Pop Badge,./seed_images/916.jpg
Monkey Temple (Yellow),2017,Longleat Safari and Adventure Park,Pop Badge,./seed_images/917.jpg
Atlas,2017,Longleat Safari and Adventure Park,Pop Badge,./seed_images/918.jpg
It's My Birthday,2017,Longleat Safari and Adventure Park,Pop Badge,./seed_images/919.jpg
Lord Bath,2017,Longleat Safari and Adventure Park,Pop Badge,./seed_images/920.jpg
Marvellous Monsters,2017,Longleat Safari and Adventure Park,Pop Badge,./seed_images/921.jpg
Simbaloo,2017,Longleat Safari and Adventure Park,Pop Badge,./seed_images/922.jpg
Sky Safari,2017,Longleat Safari and Adventure Park,Pop Badge,./seed_images/923.jpg
50 Year Anniversary,2016,Longleat Safari and Adventure Park,Pop Badge,./seed_images/924.jpg
African Village,2016,Longleat Safari and Adventure Park,Pop Badge,./seed_images/925.jpg
Animal Adventure,2016,Longleat Safari and Adventure Park,Pop Badge,./seed_images/926.jpg
Beatrix Potter,2016,Longleat Safari and Adventure Park,Pop Badge,./seed_images/927.jpg
Giraffe,2016,Longleat Safari and Adventure Park,Pop Badge,./seed_images/928.jpg
Gorilla,2016,Longleat Safari and Adventure Park,Pop Badge,./seed_images/929.jpg
Gorilla Colony,2016,Longleat Safari and Adventure Park,Pop Badge,./seed_images/930.jpg
Jungle Kingdom,2016,Longleat Safari and Adventure Park,Pop Badge,./seed_images/931.jpg
Lion,2016,Longleat Safari and Adventure Park,Pop Badge,./seed_images/932.jpg
Lion Cubs,2016,Longleat Safari and Adventure Park,Pop Badge,./seed_images/933.jpg
Lions of Longleat,2016,Longleat Safari and Adventure Park,Pop Badge,./seed_images/934.jpg
Longleat House,2016,Longleat Safari and Adventure Park,Pop Badge,./seed_images/935.jpg
Lorikeets,2016,Longleat Safari and Adventure Park,Pop Badge,./seed_images/936.jpg
Monkeys,2016,Longleat Safari and Adventure Park,Pop Badge,./seed_images/937.jpg
Penguin Island,2016,Longleat Safari and Adventure Park,Pop Badge,./seed_images/938.jpg
Rockin Rhino,2016,Longleat Safari and Adventure Park,Pop Badge,./seed_images/939.jpg
Tarantula,2016,Longleat Safari and Adventure Park,Pop Badge,./seed_images/940.jpg
Giraffe,2015,Longleat Safari and Adventure Park,Pop Badge,./seed_images/941.jpg
Meerkat,2015,Longleat Safari and Adventure Park,Pop Badge,./seed_images/942.jpg
Monkeys,2015,Longleat Safari and Adventure Park,Pop Badge,./seed_images/943.jpg
Penguin,2015,Longleat Safari and Adventure Park,Pop Badge,./seed_images/944.jpg
Rhino,2015,Longleat Safari and Adventure Park,Pop Badge,./seed_images/945.jpg
Tiger,2015,Longleat Safari and Adventure Park,Pop Badge,./seed_images/946.jpg
Annual Pass Blue,2015,Longleat Safari and Adventure Park,Pop Badge,./seed_images/947.jpg
Annual Pass Pink,2015,Longleat Safari and Adventure Park,Pop Badge,./seed_images/948.jpg
Gold VIP,2015,Longleat Safari and Adventure Park,Pop Badge,./seed_images/949.jpg
Silver VIP,2015,Longleat Safari and Adventure Park,Pop Badge,./seed_images/950.jpg
Butterfly,2015,Chester Zoo,Pop Badge,./seed_images/951.jpg
Elephant,2015,Chester Zoo,Pop Badge,./seed_images/952.jpg
Giraffe,2015,Chester Zoo,Pop Badge,./seed_images/953.jpg
Lion,2015,Chester Zoo,Pop Badge,./seed_images/954.jpg
Monkey,2015,Chester Zoo,Pop Badge,./seed_images/955.jpg
Penguin,2015,Chester Zoo,Pop Badge,./seed_images/956.jpg
Rhino,2015,Chester Zoo,Pop Badge,./seed_images/957.jpg
Tiger,2015,Chester Zoo,Pop Badge,./seed_images/958.jpg
I Act for Wildlife,2015,Chester Zoo,Pop Badge,./seed_images/959.jpg
Islands Explorer,2015,Chester Zoo,Pop Badge,./seed_images/960.jpg
Junior Member,2015,Chester Zoo,Pop Badge,./seed_images/961.jpg
Black Bart,2017,Folly Farm,Pop Badge,./seed_images/962.jpg
Cakewalk,2017,Folly Farm,Pop Badge,./seed_images/963.jpg
Caru Cymru,2017,Folly Farm,Pop Badge,./seed_images/964.jpg
Fairground Explorer,2017,Folly Farm,Pop Badge,./seed_images/965.jpg
New Arrivals,2017,Folly Farm,Pop Badge,./seed_images/966.jpg
Pick Your Own Adventure,2017,Folly Farm,Pop Badge,./seed_images/967.jpg
Conservation Warrior,2016,Folly Farm,Pop Badge,./seed_images/968.jpg
Folly Farm Logo,2016,Folly Farm,Pop Badge,./seed_images/969.jpg
Penguin,2016,Folly Farm,Pop Badge,./seed_images/970.jpg
Pirate Play,2016,Folly Farm,Pop Badge,./seed_images/971.jpg
The Barn,2016,Folly Farm,Pop Badge,./seed_images/972.jpg
The Gallopers,2016,Folly Farm,Pop Badge,./seed_images/973.jpg
Halloween Hoots,2016,Folly Farm,Pop Badge,./seed_images/974.jpg
Spooky Encounters,2016,Folly Farm,Pop Badge,./seed_images/975.jpg
Festive Folly,2016,Folly Farm,Pop Badge,./seed_images/976.jpg
Snowman,2016,Folly Farm,Pop Badge,./seed_images/977.jpg
Giraffe Encounter,2017,Trycross Zoo,Pop Badge,./seed_images/978.jpg
Keeper Experience,2017,Trycross Zoo,Pop Badge,./seed_images/979.jpg
Meerkat Encounter,2017,Trycross Zoo,Pop Badge,./seed_images/980.jpg
Otter Encounter,2017,Trycross Zoo,Pop Badge,./seed_images/981.jpg
Penguin Encounter,2017,Trycross Zoo,Pop Badge,./seed_images/982.jpg
Penguin Awareness,2017,Trycross Zoo,Pop Badge,./seed_images/983.jpg
Celebration of Colour,2017,Trycross Zoo,Pop Badge,./seed_images/984.jpg
Happy Birthday,2017,Trycross Zoo,Pop Badge,./seed_images/985.jpg
Zoo Club,2017,Trycross Zoo,Pop Badge,./seed_images/986.jpg
Easter,2017,Trycross Zoo,Pop Badge,./seed_images/987.jpg
Endangered Species Day,2017,Trycross Zoo,Pop Badge,./seed_images/988.jpg
Giraffe Celebrations,2017,Trycross Zoo,Pop Badge,./seed_images/989.jpg
Love Your Zoo,2017,Trycross Zoo,Pop Badge,./seed_images/990.jpg
Summer Sundown,2017,Trycross Zoo,Pop Badge,./seed_images/991.jpg
World Ranger Day,2017,Trycross Zoo,Pop Badge,./seed_images/992.jpg
Big Bug Bonanza,2017,Trycross Zoo,Pop Badge,./seed_images/993.jpg
Elephant Celebrations,2017,Trycross Zoo,Pop Badge,./seed_images/994.jpg
International Primate Day,2017,Trycross Zoo,Pop Badge,./seed_images/995.jpg
Welcome to the Zoovies,2017,Trycross Zoo,Pop Badge,./seed_images/996.jpg
World Orangutan Day,2017,Trycross Zoo,Pop Badge,./seed_images/997.jpg
Snowflake,2016,Trycross Zoo,Pop Badge,./seed_images/998.jpg
Bearjing,2017,The Big Sleuth,Pop Badge,./seed_images/999.jpg
Bearmingham,2017,The Big Sleuth,Pop Badge,./seed_images/1000.jpg
Buzz,2017,The Big Sleuth,Pop Badge,./seed_images/1001.jpg
Captain Blue Bear,2017,The Big Sleuth,Pop Badge,./seed_images/1002.jpg
Dharama,2017,The Big Sleuth,Pop Badge,./seed_images/1003.jpg
Dr Bear Brawn,2017,The Big Sleuth,Pop Badge,./seed_images/1004.jpg
Mary Beary's Soggy Bottom,2017,The Big Sleuth,Pop Badge,./seed_images/1005.jpg
Peony Passion,2017,The Big Sleuth,Pop Badge,./seed_images/1006.jpg
The Bear That Cares,2017,The Big Sleuth,Pop Badge,./seed_images/1007.jpg
Wildlife Detective,2017,The Big Sleuth,Pop Badge,./seed_images/1008.jpg
Cheddar Man,2017,Cheddar Gorge and Caves,Pop Badge,./seed_images/1009.jpg
Caving,2017,Cheddar Gorge and Caves,Pop Badge,./seed_images/1010.jpg
Cheddar Gorge,2017,Cheddar Gorge and Caves,Pop Badge,./seed_images/1011.jpg
Dreamhunters,2017,Cheddar Gorge and Caves,Pop Badge,./seed_images/1012.jpg
Festival of Archaeology,2017,Cheddar Gorge and Caves,Pop Badge,./seed_images/1013.jpg
Richard Gough,2017,Cheddar Gorge and Caves,Pop Badge,./seed_images/1014.jpg
Wildlife Week,2017,Cheddar Gorge and Caves,Pop Badge,./seed_images/1015.jpg
Wildlife Week Owl,2017,Cheddar Gorge and Caves,Pop Badge,./seed_images/1016.jpg
Castle Hotel,2017,LEGOLAND Windsor,Collector Bricks,./seed_images/55.jpg
Annual Pass 45,2014,LEGOLAND Windsor,Collector Bricks,./seed_images/1017.jpg
Annual Pass 50,2014,LEGOLAND Windsor,Collector Bricks,./seed_images/1018.jpg
Annual Pass 55,2014,LEGOLAND Windsor,Collector Bricks,./seed_images/1019.jpg
Annual Pass 60,2014,LEGOLAND Windsor,Collector Bricks,./seed_images/1020.jpg
Annual Pass 25,2013,LEGOLAND Windsor,Collector Bricks,./seed_images/56.jpg
Annual Pass 30,2013,LEGOLAND Windsor,Collector Bricks,./seed_images/1021.jpg
Annual Pass 35,2013,LEGOLAND Windsor,Collector Bricks,./seed_images/1022.jpg
Annual Pass 40,2013,LEGOLAND Windsor,Collector Bricks,./seed_images/57.jpg
Annual Pass 5,2012,LEGOLAND Windsor,Collector Bricks,./seed_images/58.jpg
Annual Pass 10,2012,LEGOLAND Windsor,Collector Bricks,./seed_images/59.jpg
Annual Pass 15,2012,LEGOLAND Windsor,Collector Bricks,./seed_images/60.jpg
Annual Pass 20,2012,LEGOLAND Windsor,Collector Bricks,./seed_images/1023.jpg
Best,2012,LEGOLAND Windsor,Collector Bricks,./seed_images/1024.jpg
Friends,2012,LEGOLAND Windsor,Collector Bricks,./seed_images/1025.jpg
Amazing Machines,2011,LEGOLAND Windsor,Collector Bricks,./seed_images/61.jpg
Fireworks,2011,LEGOLAND Windsor,Collector Bricks,./seed_images/1026.jpg
Happy 15th Birthday,2011,LEGOLAND Windsor,Collector Bricks,./seed_images/62.jpg
LEGOLAND Live,2011,LEGOLAND Windsor,Collector Bricks,./seed_images/1027.jpg
Star Wars After Dark,2011,LEGOLAND Windsor,Collector Bricks,./seed_images/1028.jpg
Alien Conquest,2011,LEGOLAND Windsor,Collector Bricks,./seed_images/1029.jpg
Dice,2011,LEGOLAND Windsor,Collector Bricks,./seed_images/1030.jpg
LEGO City,2011,LEGOLAND Windsor,Collector Bricks,./seed_images/1031.jpg
Ninjago,2011,LEGOLAND Windsor,Collector Bricks,./seed_images/1032.jpg
After Dark,2010,LEGOLAND Windsor,Collector Bricks,./seed_images/63.jpg
Amazing Machines,2010,LEGOLAND Windsor,Collector Bricks,./seed_images/64.jpg
Festival of Imagination,2010,LEGOLAND Windsor,Collector Bricks,./seed_images/1033.jpg
LEGOLAND Live,2010,LEGOLAND Windsor,Collector Bricks,./seed_images/65.jpg
My Holiday,2010,LEGOLAND Windsor,Collector Bricks,./seed_images/1034.jpg
Pirates Landing,2010,LEGOLAND Windsor,Collector Bricks,./seed_images/1035.jpg
Wizards Fireworks,2010,LEGOLAND Windsor,Collector Bricks,./seed_images/1036.jpg
After Dark,2009,LEGOLAND Windsor,Collector Bricks,./seed_images/1037.jpg
Amazing Machines,2009,LEGOLAND Windsor,Collector Bricks,./seed_images/66.jpg
Indiana Jones,2009,LEGOLAND Windsor,Collector Bricks,./seed_images/67.jpg
Kingdom of Pharaohs,2009,LEGOLAND Windsor,Collector Bricks,./seed_images/68.jpg
LEGOLAND Live,2009,LEGOLAND Windsor,Collector Bricks,./seed_images/1038.jpg
Amazing Machines,2009,LEGOLAND Windsor,Collector Bricks,./seed_images/1039.jpg
Indiana Jones,2009,LEGOLAND Windsor,Collector Bricks,./seed_images/69.jpg
Star Wars Fireworks,2009,LEGOLAND Windsor,Collector Bricks,./seed_images/70.jpg
Gruffalo and Friends,2017,Chessington,Pin Badge,./seed_images/1040.jpg
Adventure Tree,2017,Chessington,Pin Badge,./seed_images/1041.jpg
Azteca Hotel,2017,Chessington,Pin Badge,./seed_images/1042.jpg
Chessington Logo,2017,Chessington,Pin Badge,./seed_images/1043.jpg
Conservation Fund,2017,Chessington,Pin Badge,./seed_images/1044.jpg
Dragon Falls,2017,Chessington,Pin Badge,./seed_images/1045.jpg
Dragon's Fury,2017,Chessington,Pin Badge,./seed_images/1046.jpg
Gruffalo River Ride,2017,Chessington,Pin Badge,./seed_images/1047.jpg
Kobra,2017,Chessington,Pin Badge,./seed_images/1048.jpg
Safari Hotel,2017,Chessington,Pin Badge,./seed_images/1049.jpg
Scorpion Express,2017,Chessington,Pin Badge,./seed_images/1050.jpg
Tomb Blaster,2017,Chessington,Pin Badge,./seed_images/1051.jpg
Vampire,2017,Chessington,Pin Badge,./seed_images/1052.jpg
Bubbleworks,2016,Chessington,Pin Badge,./seed_images/1053.jpg
Chessington Logo,2016,Chessington,Pin Badge,./seed_images/1054.jpg
Dragon Falls,2016,Chessington,Pin Badge,./seed_images/1055.jpg
Dragon's Fury,2016,Chessington,Pin Badge,./seed_images/1056.jpg
Kobra,2016,Chessington,Pin Badge,./seed_images/1057.jpg
Scorpion Express,2016,Chessington,Pin Badge,./seed_images/1058.jpg
Vampire,2016,Chessington,Pin Badge,./seed_images/1059.jpg
